Workbook

Sheet Rack Master
A1: Rack ID | B1: Rack Type | C1: Source Description | D1: Bay Count (VERIFY) | E1: Levels | F1: Side Requirement (VERIFY) | G1: Status | H1: Source Note
A2: R01 | B2: Pallet Rack | C2: Rack 1 (4 Bays, 6 Levels) | D2: 4 | E2: GL1, GL2, GL3, SL4, SL5, SL6 | F2: Double-sided | G2: Verified / Active | H2: Verified from actual rack layout sheet
A3: R02 | B3: Pallet Rack | C3: Rack 2 (4 Bays, 6 Levels) | D3: 4 | E3: GL1, GL2, GL3, SL4, SL5, SL6 | F3: Double-sided | G3: Verified / Active | H3: Verified from actual rack layout sheet
A4: R03 | B4: Pallet Rack | C4: Rack 3 (4 Bays, 6 Levels) | D4: 4 | E4: GL1, GL2, GL3, SL4, SL5, SL6 | F4: Double-sided | G4: Verified / Active | H4: Verified from actual rack layout sheet
A5: R04 | B5: Pallet Rack | C5: Rack 4 (4 Bays, 6 Levels) | D5: 4 | E5: GL1, GL2, GL3, SL4, SL5, SL6 | F5: Double-sided | G5: Verified / Active | H5: Verified from actual rack layout sheet
A6: R05 | B6: Pallet Rack | C6: Rack 5 (4 Bays, 6 Levels) | D6: 4 | E6: GL1, GL2, GL3, SL4, SL5, SL6 | F6: Double-sided | G6: Verified / Active | H6: Verified from actual rack layout sheet
A7: R06 | B7: Pallet Rack | C7: Rack 6 (4 Bays, 6 Levels) | D7: 4 | E7: GL1, GL2, GL3, SL4, SL5, SL6 | F7: Double-sided | G7: Verified / Active | H7: Verified from actual rack layout sheet
A8: R07 | B8: Pallet Rack | C8: Rack 7 (4 Bays, 6 Levels) | D8: 4 | E8: GL1, GL2, GL3, SL4, SL5, SL6 | F8: Double-sided | G8: Verified / Active | H8: Verified from actual rack layout sheet
A9: R08 | B9: Pallet Rack | C9: Rack 8 (4 Bays, 6 Levels) | D9: 4 | E9: GL1, GL2, GL3, SL4, SL5, SL6 | F9: Double-sided | G9: Verified / Active | H9: Verified from actual rack layout sheet
A10: R09 | B10: Pallet Rack | C10: Rack 9 (4 Bays, 6 Levels) | D10: 4 | E10: GL1, GL2, GL3, SL4, SL5, SL6 | F10: Double-sided | G10: Verified / Active | H10: Verified from actual rack layout sheet
A11: R10 | B11: Pallet Rack | C11: Rack 10 (4 Bays, 6 Levels) | D11: 4 | E11: GL1, GL2, GL3, SL4, SL5, SL6 | F11: Double-sided | G11: Verified / Active | H11: Verified from actual rack layout sheet
A12: R11 | B12: Pallet Rack | C12: Rack 11 (4 Bays, 6 Levels) | D12: 4 | E12: GL1, GL2, GL3, SL4, SL5, SL6 | F12: Double-sided | G12: Verified / Active | H12: Verified from actual rack layout sheet
A15: Level Code | B15: Level Category | C15: Standard / Description | D15: Sub-Level / Sub-Option Guidance
A16: GL1 | B16: Ground Level | C16: GL1 = Ground Level 1 | D16: Sub-options: GL1-A, GL1-B (Subdivided shelving)
A17: GL2 | B17: Ground Level | C17: GL2 = Ground Level 2 | D17: Sub-options: GL2-A, GL2-B (Subdivided shelving)
A18: GL3 | B18: Ground Level | C18: GL3 = Ground Level 3 | D18: Sub-options: GL3-A, GL3-B (Subdivided shelving)
A19: SL1 | B19: Stilt Level | C19: SL1 = Stilt Level 1 (Optional/Sub) | D19: Sub-options: SL1-A, SL1-B (Optional stilt tier)
A20: SL2 | B20: Stilt Level | C20: SL2 = Ground/Stilt Option 2 | D20: Sub-options: SL2-A, SL2-B (Optional stilt tier)
A21: SL3 | B21: Stilt Level | C21: SL3 = Ground/Stilt Option 3 | D21: Sub-options: SL3-A, SL3-B (Optional stilt tier)
A22: SL4 | B22: Stilt Level | C22: SL4 = Stilt Level 4 | D22: Sub-options: SL4-A, SL4-B (Upper tier staging)
A23: SL5 | B23: Stilt Level | C23: SL5 = Stilt Level 5 | D23: Sub-options: SL5-A, SL5-B (Upper tier staging)
A24: SL6 | B24: Stilt Level | C24: SL6 = Stilt Level 6 | D24: Sub-options: SL6-A, SL6-B (Top tier storage)

Sheet Material Master
A1: Material ID | B1: Material Description | C1: Category | D1: Unit | E1: Reorder Level | F1: Material ID (Name)
A2: MAT001 | B2: BUBBLE WRAP | C2: PLUMBER | D2: PCS | E2: 10 | F2: =IF(A2="","",A2 & " (" & B2 & ")") -> MAT001 (BUBBLE WRAP)
A3: MAT002 | B3: CANDLE_LUGNARE_SCNTD | C3: DECOR | D3: PCS | E3: 25 | F3: =IF(A3="","",A3 & " (" & B3 & ")") -> MAT002 (CANDLE_LUGNARE_SCNTD)
A4: MAT003 | B4: EXTRA MCB | C4: ELECTRIC | D4: PCS | E4: 5 | F4: =IF(A4="","",A4 & " (" & B4 & ")") -> MAT003 (EXTRA MCB)
A5: MAT004 | B5: FOSSIAL | C5: CIVIL | D5: BAG | E5: 5 | F5: =IF(A5="","",A5 & " (" & B5 & ")") -> MAT004 (FOSSIAL)
A6: MAT005 | B6: GRANITE_ AVALANCHE | C6: CIVIL | D6: SQF | E6: 20 | F6: =IF(A6="","",A6 & " (" & B6 & ")") -> MAT005 (GRANITE_ AVALANCHE)
A7: MAT006 | B7: PLATE BLACK_12MODULE_ VIHAAN | C7: CARPENTER | D7: PCS | E7: 10 | F7: =IF(A7="","",A7 & " (" & B7 & ")") -> MAT006 (PLATE BLACK_12MODULE_ VIHAAN)
A8: MAT007 | B8: POLYCAB_1.5SQ MM 90_METER | C8: CARPENTER | D8: PCS | E8: 10 | F8: =IF(A8="","",A8 & " (" & B8 & ")") -> MAT007 (POLYCAB_1.5SQ MM 90_METER)
A9: MAT008 | B9: SCREW_DRYWALL-BLACK 19X6 | C9: ELECTRIC | D9: PCS | E9: 50 | F9: =IF(A9="","",A9 & " (" & B9 & ")") -> MAT008 (SCREW_DRYWALL-BLACK 19X6)
A10: MAT009 | B10: SCREW_DRYWALL-BLACK-75X6 | C10: ELECTRIC | D10: PCS | E10: 50 | F10: =IF(A10="","",A10 & " (" & B10 & ")") -> MAT009 (SCREW_DRYWALL-BLACK-75X6)
A11: MAT010 | B11: SCREW_SELF THREAD_25X6 | C11: ELECTRIC | D11: PCS | E11: 10 | F11: =IF(A11="","",A11 & " (" & B11 & ")") -> MAT010 (SCREW_SELF THREAD_25X6)
A12: MAT011 | B12: Silicon_BOND | C12: ELECTRIC | D12: PCS | E12: 10 | F12: =IF(A12="","",A12 & " (" & B12 & ")") -> MAT011 (Silicon_BOND)
A13: MAT012 | B13: SLUE PIPE_20MM | C13: AC | D13: PCS | E13: 5 | F13: =IF(A13="","",A13 & " (" & B13 & ")") -> MAT012 (SLUE PIPE_20MM)
... A50: MAT049 | B50: ALL MOTTLED | C50: ELECTRIC | D50: PCS | E50: 10 | F50: =IF(A50="","",A50 & " (" & B50 & ")") -> MAT049 (ALL MOTTLED)
F51: =IF(A51="","",A51 & " (" & B51 & ")")
F52: =IF(A52="","",A52 & " (" & B52 & ")")
F53: =IF(A53="","",A53 & " (" & B53 & ")")
F54: =IF(A54="","",A54 & " (" & B54 & ")")
F55: =IF(A55="","",A55 & " (" & B55 & ")")
F56: =IF(A56="","",A56 & " (" & B56 & ")")
F57: =IF(A57="","",A57 & " (" & B57 & ")")
F58: =IF(A58="","",A58 & " (" & B58 & ")")
F59: =IF(A59="","",A59 & " (" & B59 & ")")
F60: =IF(A60="","",A60 & " (" & B60 & ")")
F61: =IF(A61="","",A61 & " (" & B61 & ")")
F62: =IF(A62="","",A62 & " (" & B62 & ")")
... F201: =IF(A201="","",A201 & " (" & B201 & ")")

Sheet Location Master
A1: Rack | B1: Bay | C1: Level | D1: Slot | E1: Location ID | F1: Status | G1: Material ID | H1: Material Description | I1: Category | J1: Quantity | K1: Unit | L1: Batch/Lot | M1: Notes
A2: R01 | B2: 1 | C2: GL1 | D2: A1 | E2: =IF(COUNTA(A2:D2)=0,"",A2&"-"&"B"&TEXT(B2,"00")&"-"&C2&"-"&D2) -> R01-B01-GL1-A1 | F2: =IF(E2="","",IF(J2>0,"Occupied","Available")) -> Occupied | G2: MAT001 (BUBBLE WRAP) | H2: {=IF(G2="","",IFERROR(INDEX('Material Master'!$B$2:$B$201,IFERROR(MATCH(G2,'Material Master'!$F$2:$F$201,0),MATCH(G2,'Material Master'!$A$2:$A$201,0))),""))} -> BUBBLE WRAP | I2: {=IF(G2="","",IFERROR(INDEX('Material Master'!$C$2:$C$201,IFERROR(MATCH(G2,'Material Master'!$F$2:$F$201,0),MATCH(G2,'Material Master'!$A$2:$A$201,0))),""))} -> PLUMBER | J2: =IF(E2="","",SUMIFS('Stock Movement'!$F$2:$F$501,'Stock Movement'!$D$2:$D$501,E2,'Stock Movement'!$E$2:$E$501,"IN")-SUMIFS('Stock Movement'!$F$2:$F$501,'Stock Movement'!$D$2:$D$501,E2,'Stock Movement'!$E$2:$E$501,"OUT")) -> 100 | K2: {=IF(G2="","",IFERROR(INDEX('Material Master'!$D$2:$D$201,IFERROR(MATCH(G2,'Material Master'!$F$2:$F$201,0),MATCH(G2,'Material Master'!$A$2:$A$201,0))),""))} -> PCS | L2: LOT-2026-BW01 | M2: Padded packaging roll; dry storage
A3: R01 | B3: 1 | C3: GL1 | D3: A2 | E3: =IF(COUNTA(A3:D3)=0,"",A3&"-"&"B"&TEXT(B3,"00")&"-"&C3&"-"&D3) -> R01-B01-GL1-A2 | F3: =IF(E3="","",IF(J3>0,"Occupied","Available")) -> Available | G3: MAT043 (ALL BERRY STEM BLUE GG10) | H3: {=IF(G3="","",IFERROR(INDEX('Material Master'!$B$2:$B$201,IFERROR(MATCH(G3,'Material Master'!$F$2:$F$201,0),MATCH(G3,'Material Master'!$A$2:$A$201,0))),""))} -> ALL BERRY STEM BLUE GG10 | I3: {=IF(G3="","",IFERROR(INDEX('Material Master'!$C$2:$C$201,IFERROR(MATCH(G3,'Material Master'!$F$2:$F$201,0),MATCH(G3,'Material Master'!$A$2:$A$201,0))),""))} -> ELECTRIC | J3: =IF(E3="","",SUMIFS('Stock Movement'!$F$2:$F$501,'Stock Movement'!$D$2:$D$501,E3,'Stock Movement'!$E$2:$E$501,"IN")-SUMIFS('Stock Movement'!$F$2:$F$501,'Stock Movement'!$D$2:$D$501,E3,'Stock Movement'!$E$2:$E$501,"OUT")) -> 0 | K3: {=IF(G3="","",IFERROR(INDEX('Material Master'!$D$2:$D$201,IFERROR(MATCH(G3,'Material Master'!$F$2:$F$201,0),MATCH(G3,'Material Master'!$A$2:$A$201,0))),""))} -> PCS | L3: LOT-2026-BW02 | M3: Padded packaging roll; dry storage
A4: R01 | B4: 1 | C4: GL1 | D4: B | E4: =IF(COUNTA(A4:D4)=0,"",A4&"-"&"B"&TEXT(B4,"00")&"-"&C4&"-"&D4) -> R01-B01-GL1-B | F4: =IF(E4="","",IF(J4>0,"Occupied","Available")) -> Occupied | G4: MAT002 (CANDLE_LUGNARE_SCNTD) | H4: {=IF(G4="","",IFERROR(INDEX('Material Master'!$B$2:$B$201,IFERROR(MATCH(G4,'Material Master'!$F$2:$F$201,0),MATCH(G4,'Material Master'!$A$2:$A$201,0))),""))} -> CANDLE_LUGNARE_SCNTD | I4: {=IF(G4="","",IFERROR(INDEX('Material Master'!$C$2:$C$201,IFERROR(MATCH(G4,'Material Master'!$F$2:$F$201,0),MATCH(G4,'Material Master'!$A$2:$A$201,0))),""))} -> DECOR | J4: =IF(E4="","",SUMIFS('Stock Movement'!$F$2:$F$501,'Stock Movement'!$D$2:$D$501,E4,'Stock Movement'!$E$2:$E$501,"IN")-SUMIFS('Stock Movement'!$F$2:$F$501,'Stock Movement'!$D$2:$D$501,E4,'Stock Movement'!$E$2:$E$501,"OUT")) -> 138 | K4: {=IF(G4="","",IFERROR(INDEX('Material Master'!$D$2:$D$201,IFERROR(MATCH(G4,'Material Master'!$F$2:$F$201,0),MATCH(G4,'Material Master'!$A$2:$A$201,0))),""))} -> PCS | L4: LOT-2026-CD02 | M4: Scented candle cartons; keep away from direct heat
A5: R01 | B5: 1 | C5: GL2 | D5: A | E5: =IF(COUNTA(A5:D5)=0,"",A5&"-"&"B"&TEXT(B5,"00")&"-"&C5&"-"&D5) -> R01-B01-GL2-A | F5: =IF(E5="","",IF(J5>0,"Occupied","Available")) -> Occupied | G5: MAT003 (EXTRA MCB) | H5: {=IF(G5="","",IFERROR(INDEX('Material Master'!$B$2:$B$201,IFERROR(MATCH(G5,'Material Master'!$F$2:$F$201,0),MATCH(G5,'Material Master'!$A$2:$A$201,0))),""))} -> EXTRA MCB | I5: {=IF(G5="","",IFERROR(INDEX('Material Master'!$C$2:$C$201,IFERROR(MATCH(G5,'Material Master'!$F$2:$F$201,0),MATCH(G5,'Material Master'!$A$2:$A$201,0))),""))} -> ELECTRIC | J5: =IF(E5="","",SUMIFS('Stock Movement'!$F$2:$F$501,'Stock Movement'!$D$2:$D$501,E5,'Stock Movement'!$E$2:$E$501,"IN")-SUMIFS('Stock Movement'!$F$2:$F$501,'Stock Movement'!$D$2:$D$501,E5,'Stock Movement'!$E$2:$E$501,"OUT")) -> 1 | K5: {=IF(G5="","",IFERROR(INDEX('Material Master'!$D$2:$D$201,IFERROR(MATCH(G5,'Material Master'!$F$2:$F$201,0),MATCH(G5,'Material Master'!$A$2:$A$201,0))),""))} -> PCS | L5: LOT-2026-MC03 | M5: Electrical circuit breaker; secure dry bin
A6: R01 | B6: 1 | C6: GL2 | D6: B | E6: =IF(COUNTA(A6:D6)=0,"",A6&"-"&"B"&TEXT(B6,"00")&"-"&C6&"-"&D6) -> R01-B01-GL2-B | F6: =IF(E6="","",IF(J6>0,"Occupied","Available")) -> Occupied | G6: MAT004 (FOSSIAL) | H6: {=IF(G6="","",IFERROR(INDEX('Material Master'!$B$2:$B$201,IFERROR(MATCH(G6,'Material Master'!$F$2:$F$201,0),MATCH(G6,'Material Master'!$A$2:$A$201,0))),""))} -> FOSSIAL | I6: {=IF(G6="","",IFERROR(INDEX('Material Master'!$C$2:$C$201,IFERROR(MATCH(G6,'Material Master'!$F$2:$F$201,0),MATCH(G6,'Material Master'!$A$2:$A$201,0))),""))} -> CIVIL | J6: =IF(E6="","",SUMIFS('Stock Movement'!$F$2:$F$501,'Stock Movement'!$D$2:$D$501,E6,'Stock Movement'!$E$2:$E$501,"IN")-SUMIFS('Stock Movement'!$F$2:$F$501,'Stock Movement'!$D$2:$D$501,E6,'Stock Movement'!$E$2:$E$501,"OUT")) -> 3 | K6: {=IF(G6="","",IFERROR(INDEX('Material Master'!$D$2:$D$201,IFERROR(MATCH(G6,'Material Master'!$F$2:$F$201,0),MATCH(G6,'Material Master'!$A$2:$A$201,0))),""))} -> BAG | L6: LOT-2026-FS04 | M6: Civil adhesive bag; palletized floor clearance
A7: R01 | B7: 2 | C7: GL1 | D7: A | E7: =IF(COUNTA(A7:D7)=0,"",A7&"-"&"B"&TEXT(B7,"00")&"-"&C7&"-"&D7) -> R01-B02-GL1-A | F7: =IF(E7="","",IF(J7>0,"Occupied","Available")) -> Occupied | G7: MAT005 (GRANITE_ AVALANCHE) | H7: {=IF(G7="","",IFERROR(INDEX('Material Master'!$B$2:$B$201,IFERROR(MATCH(G7,'Material Master'!$F$2:$F$201,0),MATCH(G7,'Material Master'!$A$2:$A$201,0))),""))} -> GRANITE_ AVALANCHE | I7: {=IF(G7="","",IFERROR(INDEX('Material Master'!$C$2:$C$201,IFERROR(MATCH(G7,'Material Master'!$F$2:$F$201,0),MATCH(G7,'Material Master'!$A$2:$A$201,0))),""))} -> CIVIL | J7: =IF(E7="","",SUMIFS('Stock Movement'!$F$2:$F$501,'Stock Movement'!$D$2:$D$501,E7,'Stock Movement'!$E$2:$E$501,"IN")-SUMIFS('Stock Movement'!$F$2:$F$501,'Stock Movement'!$D$2:$D$501,E7,'Stock Movement'!$E$2:$E$501,"OUT")) -> 39.13 | K7: {=IF(G7="","",IFERROR(INDEX('Material Master'!$D$2:$D$201,IFERROR(MATCH(G7,'Material Master'!$F$2:$F$201,0),MATCH(G7,'Material Master'!$A$2:$A$201,0))),""))} -> SQF | L7: LOT-2026-GA05 | M7: Heavy granite slabs; vertical rack storage
A8: R01 | B8: 2 | C8: GL2 | D8: A | E8: =IF(COUNTA(A8:D8)=0,"",A8&"-"&"B"&TEXT(B8,"00")&"-"&C8&"-"&D8) -> R01-B02-GL2-A | F8: =IF(E8="","",IF(J8>0,"Occupied","Available")) -> Occupied | G8: MAT010 (SCREW_SELF THREAD_25X6) | H8: {=IF(G8="","",IFERROR(INDEX('Material Master'!$B$2:$B$201,IFERROR(MATCH(G8,'Material Master'!$F$2:$F$201,0),MATCH(G8,'Material Master'!$A$2:$A$201,0))),""))} -> SCREW_SELF THREAD_25X6 | I8: {=IF(G8="","",IFERROR(INDEX('Material Master'!$C$2:$C$201,IFERROR(MATCH(G8,'Material Master'!$F$2:$F$201,0),MATCH(G8,'Material Master'!$A$2:$A$201,0))),""))} -> ELECTRIC | J8: =IF(E8="","",SUMIFS('Stock Movement'!$F$2:$F$501,'Stock Movement'!$D$2:$D$501,E8,'Stock Movement'!$E$2:$E$501,"IN")-SUMIFS('Stock Movement'!$F$2:$F$501,'Stock Movement'!$D$2:$D$501,E8,'Stock Movement'!$E$2:$E$501,"OUT")) -> 2 | K8: {=IF(G8="","",IFERROR(INDEX('Material Master'!$D$2:$D$201,IFERROR(MATCH(G8,'Material Master'!$F$2:$F$201,0),MATCH(G8,'Material Master'!$A$2:$A$201,0))),""))} -> PCS | L8: LOT-2026-SC10 | M8: High-grade self threading screws carton
A9: R01 | B9: 2 | C9: GL2 | D9: B | E9: =IF(COUNTA(A9:D9)=0,"",A9&"-"&"B"&TEXT(B9,"00")&"-"&C9&"-"&D9) -> R01-B02-GL2-B | F9: =IF(E9="","",IF(J9>0,"Occupied","Available")) -> Occupied | G9: MAT012 (SLUE PIPE_20MM) | H9: {=IF(G9="","",IFERROR(INDEX('Material Master'!$B$2:$B$201,IFERROR(MATCH(G9,'Material Master'!$F$2:$F$201,0),MATCH(G9,'Material Master'!$A$2:$A$201,0))),""))} -> SLUE PIPE_20MM | I9: {=IF(G9="","",IFERROR(INDEX('Material Master'!$C$2:$C$201,IFERROR(MATCH(G9,'Material Master'!$F$2:$F$201,0),MATCH(G9,'Material Master'!$A$2:$A$201,0))),""))} -> AC | J9: =IF(E9="","",SUMIFS('Stock Movement'!$F$2:$F$501,'Stock Movement'!$D$2:$D$501,E9,'Stock Movement'!$E$2:$E$501,"IN")-SUMIFS('Stock Movement'!$F$2:$F$501,'Stock Movement'!$D$2:$D$501,E9,'Stock Movement'!$E$2:$E$501,"OUT")) -> 1 | K9: {=IF(G9="","",IFERROR(INDEX('Material Master'!$D$2:$D$201,IFERROR(MATCH(G9,'Material Master'!$F$2:$F$201,0),MATCH(G9,'Material Master'!$A$2:$A$201,0))),""))} -> PCS | L9: LOT-2026-SP12 | M9: Pipe fittings; HVAC storage section
A10: R01 | B10: 1 | C10: GL3 | D10: A | E10: =IF(COUNTA(A10:D10)=0,"",A10&"-"&"B"&TEXT(B10,"00")&"-"&C10&"-"&D10) -> R01-B01-GL3-A | F10: =IF(E10="","",IF(J10>0,"Occupied","Available")) -> Occupied | G10: MAT016 (2*10 WIRE NAIL) | H10: {=IF(G10="","",IFERROR(INDEX('Material Master'!$B$2:$B$201,IFERROR(MATCH(G10,'Material Master'!$F$2:$F$201,0),MATCH(G10,'Material Master'!$A$2:$A$201,0))),""))} -> 2*10 WIRE NAIL | I10: {=IF(G10="","",IFERROR(INDEX('Material Master'!$C$2:$C$201,IFERROR(MATCH(G10,'Material Master'!$F$2:$F$201,0),MATCH(G10,'Material Master'!$A$2:$A$201,0))),""))} -> FURNISHING | J10: =IF(E10="","",SUMIFS('Stock Movement'!$F$2:$F$501,'Stock Movement'!$D$2:$D$501,E10,'Stock Movement'!$E$2:$E$501,"IN")-SUMIFS('Stock Movement'!$F$2:$F$501,'Stock Movement'!$D$2:$D$501,E10,'Stock Movement'!$E$2:$E$501,"OUT")) -> 4 | K10: {=IF(G10="","",IFERROR(INDEX('Material Master'!$D$2:$D$201,IFERROR(MATCH(G10,'Material Master'!$F$2:$F$201,0),MATCH(G10,'Material Master'!$A$2:$A$201,0))),""))} -> PCS | L10: LOT-2026-WN16 | M10: Wire nails box; hardware rack section
A11: R01 | B11: 1 | C11: GL3 | D11: B | E11: =IF(COUNTA(A11:D11)=0,"",A11&"-"&"B"&TEXT(B11,"00")&"-"&C11&"-"&D11) -> R01-B01-GL3-B | F11: =IF(E11="","",IF(J11>0,"Occupied","Available")) -> Occupied | G11: MAT033 (ACP_8X4) | H11: {=IF(G11="","",IFERROR(INDEX('Material Master'!$B$2:$B$201,IFERROR(MATCH(G11,'Material Master'!$F$2:$F$201,0),MATCH(G11,'Material Master'!$A$2:$A$201,0))),""))} -> ACP_8X4 | I11: {=IF(G11="","",IFERROR(INDEX('Material Master'!$C$2:$C$201,IFERROR(MATCH(G11,'Material Master'!$F$2:$F$201,0),MATCH(G11,'Material Master'!$A$2:$A$201,0))),""))} -> ELECTRIC | J11: =IF(E11="","",SUMIFS('Stock Movement'!$F$2:$F$501,'Stock Movement'!$D$2:$D$501,E11,'Stock Movement'!$E$2:$E$501,"IN")-SUMIFS('Stock Movement'!$F$2:$F$501,'Stock Movement'!$D$2:$D$501,E11,'Stock Movement'!$E$2:$E$501,"OUT")) -> 10 | K11: {=IF(G11="","",IFERROR(INDEX('Material Master'!$D$2:$D$201,IFERROR(MATCH(G11,'Material Master'!$F$2:$F$201,0),MATCH(G11,'Material Master'!$A$2:$A$201,0))),""))} -> PCS | L11: LOT-2026-WN17 | M11: Open pallet position
A12: R01 | B12: 2 | C12: GL1 | D12: B | E12: =IF(COUNTA(A12:D12)=0,"",A12&"-"&"B"&TEXT(B12,"00")&"-"&C12&"-"&D12) -> R01-B02-GL1-B | F12: =IF(E12="","",IF(J12>0,"Occupied","Available")) -> Occupied | G12: MAT049 (ALL MOTTLED) | H12: {=IF(G12="","",IFERROR(INDEX('Material Master'!$B$2:$B$201,IFERROR(MATCH(G12,'Material Master'!$F$2:$F$201,0),MATCH(G12,'Material Master'!$A$2:$A$201,0))),""))} -> ALL MOTTLED | I12: {=IF(G12="","",IFERROR(INDEX('Material Master'!$C$2:$C$201,IFERROR(MATCH(G12,'Material Master'!$F$2:$F$201,0),MATCH(G12,'Material Master'!$A$2:$A$201,0))),""))} -> ELECTRIC | J12: =IF(E12="","",SUMIFS('Stock Movement'!$F$2:$F$501,'Stock Movement'!$D$2:$D$501,E12,'Stock Movement'!$E$2:$E$501,"IN")-SUMIFS('Stock Movement'!$F$2:$F$501,'Stock Movement'!$D$2:$D$501,E12,'Stock Movement'!$E$2:$E$501,"OUT")) -> 10 | K12: {=IF(G12="","",IFERROR(INDEX('Material Master'!$D$2:$D$201,IFERROR(MATCH(G12,'Material Master'!$F$2:$F$201,0),MATCH(G12,'Material Master'!$A$2:$A$201,0))),""))} -> PCS | L12: LOT-2026-B01 | M12: Open pallet position
A13: R01 | B13: 2 | C13: GL3 | D13: A | E13: =IF(COUNTA(A13:D13)=0,"",A13&"-"&"B"&TEXT(B13,"00")&"-"&C13&"-"&D13) -> R01-B02-GL3-A | F13: =IF(E13="","",IF(J13>0,"Occupied","Available")) -> Available | H13: {=IF(G13="","",IFERROR(INDEX('Material Master'!$B$2:$B$201,IFERROR(MATCH(G13,'Material Master'!$F$2:$F$201,0),MATCH(G13,'Material Master'!$A$2:$A$201,0))),""))} | I13: {=IF(G13="","",IFERROR(INDEX('Material Master'!$C$2:$C$201,IFERROR(MATCH(G13,'Material Master'!$F$2:$F$201,0),MATCH(G13,'Material Master'!$A$2:$A$201,0))),""))} | J13: =IF(E13="","",SUMIFS('Stock Movement'!$F$2:$F$501,'Stock Movement'!$D$2:$D$501,E13,'Stock Movement'!$E$2:$E$501,"IN")-SUMIFS('Stock Movement'!$F$2:$F$501,'Stock Movement'!$D$2:$D$501,E13,'Stock Movement'!$E$2:$E$501,"OUT")) -> 0 | K13: {=IF(G13="","",IFERROR(INDEX('Material Master'!$D$2:$D$201,IFERROR(MATCH(G13,'Material Master'!$F$2:$F$201,0),MATCH(G13,'Material Master'!$A$2:$A$201,0))),""))} | L13: LOT-2026-WN19 | M13: Open pallet position
A14: R02 | B14: 2 | C14: GL1 | D14: A | E14: =IF(COUNTA(A14:D14)=0,"",A14&"-"&"B"&TEXT(B14,"00")&"-"&C14&"-"&D14) -> R02-B02-GL1-A | F14: =IF(E14="","",IF(J14>0,"Occupied","Available")) -> Available | H14: {=IF(G14="","",IFERROR(INDEX('Material Master'!$B$2:$B$201,IFERROR(MATCH(G14,'Material Master'!$F$2:$F$201,0),MATCH(G14,'Material Master'!$A$2:$A$201,0))),""))} | I14: {=IF(G14="","",IFERROR(INDEX('Material Master'!$C$2:$C$201,IFERROR(MATCH(G14,'Material Master'!$F$2:$F$201,0),MATCH(G14,'Material Master'!$A$2:$A$201,0))),""))} | J14: =IF(E14="","",SUMIFS('Stock Movement'!$F$2:$F$501,'Stock Movement'!$D$2:$D$501,E14,'Stock Movement'!$E$2:$E$501,"IN")-SUMIFS('Stock Movement'!$F$2:$F$501,'Stock Movement'!$D$2:$D$501,E14,'Stock Movement'!$E$2:$E$501,"OUT")) -> 0 | K14: {=IF(G14="","",IFERROR(INDEX('Material Master'!$D$2:$D$201,IFERROR(MATCH(G14,'Material Master'!$F$2:$F$201,0),MATCH(G14,'Material Master'!$A$2:$A$201,0))),""))} | L14: LOT-2026-WN20
A15: R01 | B15: 1 | C15: GL1 | D15: A3 | E15: =IF(COUNTA(A15:D15)=0,"",A15&"-"&"B"&TEXT(B15,"00")&"-"&C15&"-"&D15) -> R01-B01-GL1-A3 | F15: =IF(E15="","",IF(J15>0,"Occupied","Available")) -> Available | G15: MAT047 (ALL FRUIT FORK S/4) | H15: {=IF(G15="","",IFERROR(INDEX('Material Master'!$B$2:$B$201,IFERROR(MATCH(G15,'Material Master'!$F$2:$F$201,0),MATCH(G15,'Material Master'!$A$2:$A$201,0))),""))} -> ALL FRUIT FORK S/4 | I15: {=IF(G15="","",IFERROR(INDEX('Material Master'!$C$2:$C$201,IFERROR(MATCH(G15,'Material Master'!$F$2:$F$201,0),MATCH(G15,'Material Master'!$A$2:$A$201,0))),""))} -> CARPENTER | J15: =IF(E15="","",SUMIFS('Stock Movement'!$F$2:$F$501,'Stock Movement'!$D$2:$D$501,E15,'Stock Movement'!$E$2:$E$501,"IN")-SUMIFS('Stock Movement'!$F$2:$F$501,'Stock Movement'!$D$2:$D$501,E15,'Stock Movement'!$E$2:$E$501,"OUT")) -> 0 | K15: {=IF(G15="","",IFERROR(INDEX('Material Master'!$D$2:$D$201,IFERROR(MATCH(G15,'Material Master'!$F$2:$F$201,0),MATCH(G15,'Material Master'!$A$2:$A$201,0))),""))} -> PCS | L15: LOT-2026-WN21
E16: =IF(COUNTA(A16:D16)=0,"",A16&"-"&"B"&TEXT(B16,"00")&"-"&C16&"-"&D16) | F16: =IF(E16="","",IF(J16>0,"Occupied","Available")) | H16: {=IF(G16="","",IFERROR(INDEX('Material Master'!$B$2:$B$201,IFERROR(MATCH(G16,'Material Master'!$F$2:$F$201,0),MATCH(G16,'Material Master'!$A$2:$A$201,0))),""))} | I16: {=IF(G16="","",IFERROR(INDEX('Material Master'!$C$2:$C$201,IFERROR(MATCH(G16,'Material Master'!$F$2:$F$201,0),MATCH(G16,'Material Master'!$A$2:$A$201,0))),""))} | J16: =IF(E16="","",SUMIFS('Stock Movement'!$F$2:$F$501,'Stock Movement'!$D$2:$D$501,E16,'Stock Movement'!$E$2:$E$501,"IN")-SUMIFS('Stock Movement'!$F$2:$F$501,'Stock Movement'!$D$2:$D$501,E16,'Stock Movement'!$E$2:$E$501,"OUT")) | K16: {=IF(G16="","",IFERROR(INDEX('Material Master'!$D$2:$D$201,IFERROR(MATCH(G16,'Material Master'!$F$2:$F$201,0),MATCH(G16,'Material Master'!$A$2:$A$201,0))),""))}
E17: =IF(COUNTA(A17:D17)=0,"",A17&"-"&"B"&TEXT(B17,"00")&"-"&C17&"-"&D17) | F17: =IF(E17="","",IF(J17>0,"Occupied","Available")) | H17: {=IF(G17="","",IFERROR(INDEX('Material Master'!$B$2:$B$201,IFERROR(MATCH(G17,'Material Master'!$F$2:$F$201,0),MATCH(G17,'Material Master'!$A$2:$A$201,0))),""))} | I17: {=IF(G17="","",IFERROR(INDEX('Material Master'!$C$2:$C$201,IFERROR(MATCH(G17,'Material Master'!$F$2:$F$201,0),MATCH(G17,'Material Master'!$A$2:$A$201,0))),""))} | J17: =IF(E17="","",SUMIFS('Stock Movement'!$F$2:$F$501,'Stock Movement'!$D$2:$D$501,E17,'Stock Movement'!$E$2:$E$501,"IN")-SUMIFS('Stock Movement'!$F$2:$F$501,'Stock Movement'!$D$2:$D$501,E17,'Stock Movement'!$E$2:$E$501,"OUT")) | K17: {=IF(G17="","",IFERROR(INDEX('Material Master'!$D$2:$D$201,IFERROR(MATCH(G17,'Material Master'!$F$2:$F$201,0),MATCH(G17,'Material Master'!$A$2:$A$201,0))),""))}
E18: =IF(COUNTA(A18:D18)=0,"",A18&"-"&"B"&TEXT(B18,"00")&"-"&C18&"-"&D18) | F18: =IF(E18="","",IF(J18>0,"Occupied","Available")) | H18: {=IF(G18="","",IFERROR(INDEX('Material Master'!$B$2:$B$201,IFERROR(MATCH(G18,'Material Master'!$F$2:$F$201,0),MATCH(G18,'Material Master'!$A$2:$A$201,0))),""))} | I18: {=IF(G18="","",IFERROR(INDEX('Material Master'!$C$2:$C$201,IFERROR(MATCH(G18,'Material Master'!$F$2:$F$201,0),MATCH(G18,'Material Master'!$A$2:$A$201,0))),""))} | J18: =IF(E18="","",SUMIFS('Stock Movement'!$F$2:$F$501,'Stock Movement'!$D$2:$D$501,E18,'Stock Movement'!$E$2:$E$501,"IN")-SUMIFS('Stock Movement'!$F$2:$F$501,'Stock Movement'!$D$2:$D$501,E18,'Stock Movement'!$E$2:$E$501,"OUT")) | K18: {=IF(G18="","",IFERROR(INDEX('Material Master'!$D$2:$D$201,IFERROR(MATCH(G18,'Material Master'!$F$2:$F$201,0),MATCH(G18,'Material Master'!$A$2:$A$201,0))),""))}
E19: =IF(COUNTA(A19:D19)=0,"",A19&"-"&"B"&TEXT(B19,"00")&"-"&C19&"-"&D19) | F19: =IF(E19="","",IF(J19>0,"Occupied","Available")) | H19: {=IF(G19="","",IFERROR(INDEX('Material Master'!$B$2:$B$201,IFERROR(MATCH(G19,'Material Master'!$F$2:$F$201,0),MATCH(G19,'Material Master'!$A$2:$A$201,0))),""))} | I19: {=IF(G19="","",IFERROR(INDEX('Material Master'!$C$2:$C$201,IFERROR(MATCH(G19,'Material Master'!$F$2:$F$201,0),MATCH(G19,'Material Master'!$A$2:$A$201,0))),""))} | J19: =IF(E19="","",SUMIFS('Stock Movement'!$F$2:$F$501,'Stock Movement'!$D$2:$D$501,E19,'Stock Movement'!$E$2:$E$501,"IN")-SUMIFS('Stock Movement'!$F$2:$F$501,'Stock Movement'!$D$2:$D$501,E19,'Stock Movement'!$E$2:$E$501,"OUT")) | K19: {=IF(G19="","",IFERROR(INDEX('Material Master'!$D$2:$D$201,IFERROR(MATCH(G19,'Material Master'!$F$2:$F$201,0),MATCH(G19,'Material Master'!$A$2:$A$201,0))),""))}
E20: =IF(COUNTA(A20:D20)=0,"",A20&"-"&"B"&TEXT(B20,"00")&"-"&C20&"-"&D20) | F20: =IF(E20="","",IF(J20>0,"Occupied","Available")) | H20: {=IF(G20="","",IFERROR(INDEX('Material Master'!$B$2:$B$201,IFERROR(MATCH(G20,'Material Master'!$F$2:$F$201,0),MATCH(G20,'Material Master'!$A$2:$A$201,0))),""))} | I20: {=IF(G20="","",IFERROR(INDEX('Material Master'!$C$2:$C$201,IFERROR(MATCH(G20,'Material Master'!$F$2:$F$201,0),MATCH(G20,'Material Master'!$A$2:$A$201,0))),""))} | J20: =IF(E20="","",SUMIFS('Stock Movement'!$F$2:$F$501,'Stock Movement'!$D$2:$D$501,E20,'Stock Movement'!$E$2:$E$501,"IN")-SUMIFS('Stock Movement'!$F$2:$F$501,'Stock Movement'!$D$2:$D$501,E20,'Stock Movement'!$E$2:$E$501,"OUT")) | K20: {=IF(G20="","",IFERROR(INDEX('Material Master'!$D$2:$D$201,IFERROR(MATCH(G20,'Material Master'!$F$2:$F$201,0),MATCH(G20,'Material Master'!$A$2:$A$201,0))),""))}
E21: =IF(COUNTA(A21:D21)=0,"",A21&"-"&"B"&TEXT(B21,"00")&"-"&C21&"-"&D21) | F21: =IF(E21="","",IF(J21>0,"Occupied","Available")) | H21: {=IF(G21="","",IFERROR(INDEX('Material Master'!$B$2:$B$201,IFERROR(MATCH(G21,'Material Master'!$F$2:$F$201,0),MATCH(G21,'Material Master'!$A$2:$A$201,0))),""))} | I21: {=IF(G21="","",IFERROR(INDEX('Material Master'!$C$2:$C$201,IFERROR(MATCH(G21,'Material Master'!$F$2:$F$201,0),MATCH(G21,'Material Master'!$A$2:$A$201,0))),""))} | J21: =IF(E21="","",SUMIFS('Stock Movement'!$F$2:$F$501,'Stock Movement'!$D$2:$D$501,E21,'Stock Movement'!$E$2:$E$501,"IN")-SUMIFS('Stock Movement'!$F$2:$F$501,'Stock Movement'!$D$2:$D$501,E21,'Stock Movement'!$E$2:$E$501,"OUT")) | K21: {=IF(G21="","",IFERROR(INDEX('Material Master'!$D$2:$D$201,IFERROR(MATCH(G21,'Material Master'!$F$2:$F$201,0),MATCH(G21,'Material Master'!$A$2:$A$201,0))),""))}
E22: =IF(COUNTA(A22:D22)=0,"",A22&"-"&"B"&TEXT(B22,"00")&"-"&C22&"-"&D22) | F22: =IF(E22="","",IF(J22>0,"Occupied","Available")) | H22: {=IF(G22="","",IFERROR(INDEX('Material Master'!$B$2:$B$201,IFERROR(MATCH(G22,'Material Master'!$F$2:$F$201,0),MATCH(G22,'Material Master'!$A$2:$A$201,0))),""))} | I22: {=IF(G22="","",IFERROR(INDEX('Material Master'!$C$2:$C$201,IFERROR(MATCH(G22,'Material Master'!$F$2:$F$201,0),MATCH(G22,'Material Master'!$A$2:$A$201,0))),""))} | J22: =IF(E22="","",SUMIFS('Stock Movement'!$F$2:$F$501,'Stock Movement'!$D$2:$D$501,E22,'Stock Movement'!$E$2:$E$501,"IN")-SUMIFS('Stock Movement'!$F$2:$F$501,'Stock Movement'!$D$2:$D$501,E22,'Stock Movement'!$E$2:$E$501,"OUT")) | K22: {=IF(G22="","",IFERROR(INDEX('Material Master'!$D$2:$D$201,IFERROR(MATCH(G22,'Material Master'!$F$2:$F$201,0),MATCH(G22,'Material Master'!$A$2:$A$201,0))),""))}
E23: =IF(COUNTA(A23:D23)=0,"",A23&"-"&"B"&TEXT(B23,"00")&"-"&C23&"-"&D23) | F23: =IF(E23="","",IF(J23>0,"Occupied","Available")) | H23: {=IF(G23="","",IFERROR(INDEX('Material Master'!$B$2:$B$201,IFERROR(MATCH(G23,'Material Master'!$F$2:$F$201,0),MATCH(G23,'Material Master'!$A$2:$A$201,0))),""))} | I23: {=IF(G23="","",IFERROR(INDEX('Material Master'!$C$2:$C$201,IFERROR(MATCH(G23,'Material Master'!$F$2:$F$201,0),MATCH(G23,'Material Master'!$A$2:$A$201,0))),""))} | J23: =IF(E23="","",SUMIFS('Stock Movement'!$F$2:$F$501,'Stock Movement'!$D$2:$D$501,E23,'Stock Movement'!$E$2:$E$501,"IN")-SUMIFS('Stock Movement'!$F$2:$F$501,'Stock Movement'!$D$2:$D$501,E23,'Stock Movement'!$E$2:$E$501,"OUT")) | K23: {=IF(G23="","",IFERROR(INDEX('Material Master'!$D$2:$D$201,IFERROR(MATCH(G23,'Material Master'!$F$2:$F$201,0),MATCH(G23,'Material Master'!$A$2:$A$201,0))),""))}
E24: =IF(COUNTA(A24:D24)=0,"",A24&"-"&"B"&TEXT(B24,"00")&"-"&C24&"-"&D24) | F24: =IF(E24="","",IF(J24>0,"Occupied","Available")) | H24: {=IF(G24="","",IFERROR(INDEX('Material Master'!$B$2:$B$201,IFERROR(MATCH(G24,'Material Master'!$F$2:$F$201,0),MATCH(G24,'Material Master'!$A$2:$A$201,0))),""))} | I24: {=IF(G24="","",IFERROR(INDEX('Material Master'!$C$2:$C$201,IFERROR(MATCH(G24,'Material Master'!$F$2:$F$201,0),MATCH(G24,'Material Master'!$A$2:$A$201,0))),""))} | J24: =IF(E24="","",SUMIFS('Stock Movement'!$F$2:$F$501,'Stock Movement'!$D$2:$D$501,E24,'Stock Movement'!$E$2:$E$501,"IN")-SUMIFS('Stock Movement'!$F$2:$F$501,'Stock Movement'!$D$2:$D$501,E24,'Stock Movement'!$E$2:$E$501,"OUT")) | K24: {=IF(G24="","",IFERROR(INDEX('Material Master'!$D$2:$D$201,IFERROR(MATCH(G24,'Material Master'!$F$2:$F$201,0),MATCH(G24,'Material Master'!$A$2:$A$201,0))),""))}
E25: =IF(COUNTA(A25:D25)=0,"",A25&"-"&"B"&TEXT(B25,"00")&"-"&C25&"-"&D25) | F25: =IF(E25="","",IF(J25>0,"Occupied","Available")) | H25: {=IF(G25="","",IFERROR(INDEX('Material Master'!$B$2:$B$201,IFERROR(MATCH(G25,'Material Master'!$F$2:$F$201,0),MATCH(G25,'Material Master'!$A$2:$A$201,0))),""))} | I25: {=IF(G25="","",IFERROR(INDEX('Material Master'!$C$2:$C$201,IFERROR(MATCH(G25,'Material Master'!$F$2:$F$201,0),MATCH(G25,'Material Master'!$A$2:$A$201,0))),""))} | J25: =IF(E25="","",SUMIFS('Stock Movement'!$F$2:$F$501,'Stock Movement'!$D$2:$D$501,E25,'Stock Movement'!$E$2:$E$501,"IN")-SUMIFS('Stock Movement'!$F$2:$F$501,'Stock Movement'!$D$2:$D$501,E25,'Stock Movement'!$E$2:$E$501,"OUT")) | K25: {=IF(G25="","",IFERROR(INDEX('Material Master'!$D$2:$D$201,IFERROR(MATCH(G25,'Material Master'!$F$2:$F$201,0),MATCH(G25,'Material Master'!$A$2:$A$201,0))),""))}
E26: =IF(COUNTA(A26:D26)=0,"",A26&"-"&"B"&TEXT(B26,"00")&"-"&C26&"-"&D26) | F26: =IF(E26="","",IF(J26>0,"Occupied","Available")) | H26: {=IF(G26="","",IFERROR(INDEX('Material Master'!$B$2:$B$201,IFERROR(MATCH(G26,'Material Master'!$F$2:$F$201,0),MATCH(G26,'Material Master'!$A$2:$A$201,0))),""))} | I26: {=IF(G26="","",IFERROR(INDEX('Material Master'!$C$2:$C$201,IFERROR(MATCH(G26,'Material Master'!$F$2:$F$201,0),MATCH(G26,'Material Master'!$A$2:$A$201,0))),""))} | J26: =IF(E26="","",SUMIFS('Stock Movement'!$F$2:$F$501,'Stock Movement'!$D$2:$D$501,E26,'Stock Movement'!$E$2:$E$501,"IN")-SUMIFS('Stock Movement'!$F$2:$F$501,'Stock Movement'!$D$2:$D$501,E26,'Stock Movement'!$E$2:$E$501,"OUT")) | K26: {=IF(G26="","",IFERROR(INDEX('Material Master'!$D$2:$D$201,IFERROR(MATCH(G26,'Material Master'!$F$2:$F$201,0),MATCH(G26,'Material Master'!$A$2:$A$201,0))),""))}
E27: =IF(COUNTA(A27:D27)=0,"",A27&"-"&"B"&TEXT(B27,"00")&"-"&C27&"-"&D27) | F27: =IF(E27="","",IF(J27>0,"Occupied","Available")) | H27: {=IF(G27="","",IFERROR(INDEX('Material Master'!$B$2:$B$201,IFERROR(MATCH(G27,'Material Master'!$F$2:$F$201,0),MATCH(G27,'Material Master'!$A$2:$A$201,0))),""))} | I27: {=IF(G27="","",IFERROR(INDEX('Material Master'!$C$2:$C$201,IFERROR(MATCH(G27,'Material Master'!$F$2:$F$201,0),MATCH(G27,'Material Master'!$A$2:$A$201,0))),""))} | J27: =IF(E27="","",SUMIFS('Stock Movement'!$F$2:$F$501,'Stock Movement'!$D$2:$D$501,E27,'Stock Movement'!$E$2:$E$501,"IN")-SUMIFS('Stock Movement'!$F$2:$F$501,'Stock Movement'!$D$2:$D$501,E27,'Stock Movement'!$E$2:$E$501,"OUT")) | K27: {=IF(G27="","",IFERROR(INDEX('Material Master'!$D$2:$D$201,IFERROR(MATCH(G27,'Material Master'!$F$2:$F$201,0),MATCH(G27,'Material Master'!$A$2:$A$201,0))),""))}
... E502: =IF(COUNTA(A502:D502)=0,"",A502&"-"&"B"&TEXT(B502,"00")&"-"&C502&"-"&D502) | F502: =IF(E502="","",IF(J502>0,"Occupied","Available")) | H502: {=IF(G502="","",IFERROR(INDEX('Material Master'!$B$2:$B$201,IFERROR(MATCH(G502,'Material Master'!$F$2:$F$201,0),MATCH(G502,'Material Master'!$A$2:$A$201,0))),""))} | I502: {=IF(G502="","",IFERROR(INDEX('Material Master'!$C$2:$C$201,IFERROR(MATCH(G502,'Material Master'!$F$2:$F$201,0),MATCH(G502,'Material Master'!$A$2:$A$201,0))),""))} | J502: =IF(E502="","",SUMIFS('Stock Movement'!$F$2:$F$501,'Stock Movement'!$D$2:$D$501,E502,'Stock Movement'!$E$2:$E$501,"IN")-SUMIFS('Stock Movement'!$F$2:$F$501,'Stock Movement'!$D$2:$D$501,E502,'Stock Movement'!$E$2:$E$501,"OUT")) | K502: {=IF(G502="","",IFERROR(INDEX('Material Master'!$D$2:$D$201,IFERROR(MATCH(G502,'Material Master'!$F$2:$F$201,0),MATCH(G502,'Material Master'!$A$2:$A$201,0))),""))}
A503: R01 | B503: 1 | C503: SL6 | D503: A | E503: =IF(COUNTA(A503:D503)=0,"",A503&"-"&"B"&TEXT(B503,"00")&"-"&C503&"-"&D503) -> R01-B01-SL6-A | F503: =IF(E503="","",IF(J503>0,"Occupied","Available")) -> Available | H503: {=IF(G503="","",IFERROR(INDEX('Material Master'!$B$2:$B$201,IFERROR(MATCH(G503,'Material Master'!$F$2:$F$201,0),MATCH(G503,'Material Master'!$A$2:$A$201,0))),""))} | I503: {=IF(G503="","",IFERROR(INDEX('Material Master'!$C$2:$C$201,IFERROR(MATCH(G503,'Material Master'!$F$2:$F$201,0),MATCH(G503,'Material Master'!$A$2:$A$201,0))),""))} | J503: =IF(E503="","",SUMIFS('Stock Movement'!$F$2:$F$501,'Stock Movement'!$D$2:$D$501,E503,'Stock Movement'!$E$2:$E$501,"IN")-SUMIFS('Stock Movement'!$F$2:$F$501,'Stock Movement'!$D$2:$D$501,E503,'Stock Movement'!$E$2:$E$501,"OUT")) -> 0 | K503: {=IF(G503="","",IFERROR(INDEX('Material Master'!$D$2:$D$201,IFERROR(MATCH(G503,'Material Master'!$F$2:$F$201,0),MATCH(G503,'Material Master'!$A$2:$A$201,0))),""))} | M503: Generated for Rack R01
A504: R01 | B504: 1 | C504: SL6 | D504: B | E504: =IF(COUNTA(A504:D504)=0,"",A504&"-"&"B"&TEXT(B504,"00")&"-"&C504&"-"&D504) -> R01-B01-SL6-B | F504: =IF(E504="","",IF(J504>0,"Occupied","Available")) -> Available | H504: {=IF(G504="","",IFERROR(INDEX('Material Master'!$B$2:$B$201,IFERROR(MATCH(G504,'Material Master'!$F$2:$F$201,0),MATCH(G504,'Material Master'!$A$2:$A$201,0))),""))} | I504: {=IF(G504="","",IFERROR(INDEX('Material Master'!$C$2:$C$201,IFERROR(MATCH(G504,'Material Master'!$F$2:$F$201,0),MATCH(G504,'Material Master'!$A$2:$A$201,0))),""))} | J504: =IF(E504="","",SUMIFS('Stock Movement'!$F$2:$F$501,'Stock Movement'!$D$2:$D$501,E504,'Stock Movement'!$E$2:$E$501,"IN")-SUMIFS('Stock Movement'!$F$2:$F$501,'Stock Movement'!$D$2:$D$501,E504,'Stock Movement'!$E$2:$E$501,"OUT")) -> 0 | K504: {=IF(G504="","",IFERROR(INDEX('Material Master'!$D$2:$D$201,IFERROR(MATCH(G504,'Material Master'!$F$2:$F$201,0),MATCH(G504,'Material Master'!$A$2:$A$201,0))),""))} | M504: Generated for Rack R01
A505: R01 | B505: 1 | C505: SL5 | D505: A | E505: =IF(COUNTA(A505:D505)=0,"",A505&"-"&"B"&TEXT(B505,"00")&"-"&C505&"-"&D505) -> R01-B01-SL5-A | F505: =IF(E505="","",IF(J505>0,"Occupied","Available")) -> Available | H505: {=IF(G505="","",IFERROR(INDEX('Material Master'!$B$2:$B$201,IFERROR(MATCH(G505,'Material Master'!$F$2:$F$201,0),MATCH(G505,'Material Master'!$A$2:$A$201,0))),""))} | I505: {=IF(G505="","",IFERROR(INDEX('Material Master'!$C$2:$C$201,IFERROR(MATCH(G505,'Material Master'!$F$2:$F$201,0),MATCH(G505,'Material Master'!$A$2:$A$201,0))),""))} | J505: =IF(E505="","",SUMIFS('Stock Movement'!$F$2:$F$501,'Stock Movement'!$D$2:$D$501,E505,'Stock Movement'!$E$2:$E$501,"IN")-SUMIFS('Stock Movement'!$F$2:$F$501,'Stock Movement'!$D$2:$D$501,E505,'Stock Movement'!$E$2:$E$501,"OUT")) -> 0 | K505: {=IF(G505="","",IFERROR(INDEX('Material Master'!$D$2:$D$201,IFERROR(MATCH(G505,'Material Master'!$F$2:$F$201,0),MATCH(G505,'Material Master'!$A$2:$A$201,0))),""))} | M505: Generated for Rack R01
A506: R01 | B506: 1 | C506: SL5 | D506: B | E506: =IF(COUNTA(A506:D506)=0,"",A506&"-"&"B"&TEXT(B506,"00")&"-"&C506&"-"&D506) -> R01-B01-SL5-B | F506: =IF(E506="","",IF(J506>0,"Occupied","Available")) -> Available | H506: {=IF(G506="","",IFERROR(INDEX('Material Master'!$B$2:$B$201,IFERROR(MATCH(G506,'Material Master'!$F$2:$F$201,0),MATCH(G506,'Material Master'!$A$2:$A$201,0))),""))} | I506: {=IF(G506="","",IFERROR(INDEX('Material Master'!$C$2:$C$201,IFERROR(MATCH(G506,'Material Master'!$F$2:$F$201,0),MATCH(G506,'Material Master'!$A$2:$A$201,0))),""))} | J506: =IF(E506="","",SUMIFS('Stock Movement'!$F$2:$F$501,'Stock Movement'!$D$2:$D$501,E506,'Stock Movement'!$E$2:$E$501,"IN")-SUMIFS('Stock Movement'!$F$2:$F$501,'Stock Movement'!$D$2:$D$501,E506,'Stock Movement'!$E$2:$E$501,"OUT")) -> 0 | K506: {=IF(G506="","",IFERROR(INDEX('Material Master'!$D$2:$D$201,IFERROR(MATCH(G506,'Material Master'!$F$2:$F$201,0),MATCH(G506,'Material Master'!$A$2:$A$201,0))),""))} | M506: Generated for Rack R01
A507: R01 | B507: 1 | C507: SL4 | D507: A | E507: =IF(COUNTA(A507:D507)=0,"",A507&"-"&"B"&TEXT(B507,"00")&"-"&C507&"-"&D507) -> R01-B01-SL4-A | F507: =IF(E507="","",IF(J507>0,"Occupied","Available")) -> Available | H507: {=IF(G507="","",IFERROR(INDEX('Material Master'!$B$2:$B$201,IFERROR(MATCH(G507,'Material Master'!$F$2:$F$201,0),MATCH(G507,'Material Master'!$A$2:$A$201,0))),""))} | I507: {=IF(G507="","",IFERROR(INDEX('Material Master'!$C$2:$C$201,IFERROR(MATCH(G507,'Material Master'!$F$2:$F$201,0),MATCH(G507,'Material Master'!$A$2:$A$201,0))),""))} | J507: =IF(E507="","",SUMIFS('Stock Movement'!$F$2:$F$501,'Stock Movement'!$D$2:$D$501,E507,'Stock Movement'!$E$2:$E$501,"IN")-SUMIFS('Stock Movement'!$F$2:$F$501,'Stock Movement'!$D$2:$D$501,E507,'Stock Movement'!$E$2:$E$501,"OUT")) -> 0 | K507: {=IF(G507="","",IFERROR(INDEX('Material Master'!$D$2:$D$201,IFERROR(MATCH(G507,'Material Master'!$F$2:$F$201,0),MATCH(G507,'Material Master'!$A$2:$A$201,0))),""))} | M507: Generated for Rack R01
A508: R01 | B508: 1 | C508: SL4 | D508: B | E508: =IF(COUNTA(A508:D508)=0,"",A508&"-"&"B"&TEXT(B508,"00")&"-"&C508&"-"&D508) -> R01-B01-SL4-B | F508: =IF(E508="","",IF(J508>0,"Occupied","Available")) -> Available | H508: {=IF(G508="","",IFERROR(INDEX('Material Master'!$B$2:$B$201,IFERROR(MATCH(G508,'Material Master'!$F$2:$F$201,0),MATCH(G508,'Material Master'!$A$2:$A$201,0))),""))} | I508: {=IF(G508="","",IFERROR(INDEX('Material Master'!$C$2:$C$201,IFERROR(MATCH(G508,'Material Master'!$F$2:$F$201,0),MATCH(G508,'Material Master'!$A$2:$A$201,0))),""))} | J508: =IF(E508="","",SUMIFS('Stock Movement'!$F$2:$F$501,'Stock Movement'!$D$2:$D$501,E508,'Stock Movement'!$E$2:$E$501,"IN")-SUMIFS('Stock Movement'!$F$2:$F$501,'Stock Movement'!$D$2:$D$501,E508,'Stock Movement'!$E$2:$E$501,"OUT")) -> 0 | K508: {=IF(G508="","",IFERROR(INDEX('Material Master'!$D$2:$D$201,IFERROR(MATCH(G508,'Material Master'!$F$2:$F$201,0),MATCH(G508,'Material Master'!$A$2:$A$201,0))),""))} | M508: Generated for Rack R01
A509: R01 | B509: 2 | C509: SL6 | D509: A | E509: =IF(COUNTA(A509:D509)=0,"",A509&"-"&"B"&TEXT(B509,"00")&"-"&C509&"-"&D509) -> R01-B02-SL6-A | F509: =IF(E509="","",IF(J509>0,"Occupied","Available")) -> Available | H509: {=IF(G509="","",IFERROR(INDEX('Material Master'!$B$2:$B$201,IFERROR(MATCH(G509,'Material Master'!$F$2:$F$201,0),MATCH(G509,'Material Master'!$A$2:$A$201,0))),""))} | I509: {=IF(G509="","",IFERROR(INDEX('Material Master'!$C$2:$C$201,IFERROR(MATCH(G509,'Material Master'!$F$2:$F$201,0),MATCH(G509,'Material Master'!$A$2:$A$201,0))),""))} | J509: =IF(E509="","",SUMIFS('Stock Movement'!$F$2:$F$501,'Stock Movement'!$D$2:$D$501,E509,'Stock Movement'!$E$2:$E$501,"IN")-SUMIFS('Stock Movement'!$F$2:$F$501,'Stock Movement'!$D$2:$D$501,E509,'Stock Movement'!$E$2:$E$501,"OUT")) -> 0 | K509: {=IF(G509="","",IFERROR(INDEX('Material Master'!$D$2:$D$201,IFERROR(MATCH(G509,'Material Master'!$F$2:$F$201,0),MATCH(G509,'Material Master'!$A$2:$A$201,0))),""))} | M509: Generated for Rack R01
A510: R01 | B510: 2 | C510: SL6 | D510: B | E510: =IF(COUNTA(A510:D510)=0,"",A510&"-"&"B"&TEXT(B510,"00")&"-"&C510&"-"&D510) -> R01-B02-SL6-B | F510: =IF(E510="","",IF(J510>0,"Occupied","Available")) -> Available | H510: {=IF(G510="","",IFERROR(INDEX('Material Master'!$B$2:$B$201,IFERROR(MATCH(G510,'Material Master'!$F$2:$F$201,0),MATCH(G510,'Material Master'!$A$2:$A$201,0))),""))} | I510: {=IF(G510="","",IFERROR(INDEX('Material Master'!$C$2:$C$201,IFERROR(MATCH(G510,'Material Master'!$F$2:$F$201,0),MATCH(G510,'Material Master'!$A$2:$A$201,0))),""))} | J510: =IF(E510="","",SUMIFS('Stock Movement'!$F$2:$F$501,'Stock Movement'!$D$2:$D$501,E510,'Stock Movement'!$E$2:$E$501,"IN")-SUMIFS('Stock Movement'!$F$2:$F$501,'Stock Movement'!$D$2:$D$501,E510,'Stock Movement'!$E$2:$E$501,"OUT")) -> 0 | K510: {=IF(G510="","",IFERROR(INDEX('Material Master'!$D$2:$D$201,IFERROR(MATCH(G510,'Material Master'!$F$2:$F$201,0),MATCH(G510,'Material Master'!$A$2:$A$201,0))),""))} | M510: Generated for Rack R01
A511: R01 | B511: 2 | C511: SL5 | D511: A | E511: =IF(COUNTA(A511:D511)=0,"",A511&"-"&"B"&TEXT(B511,"00")&"-"&C511&"-"&D511) -> R01-B02-SL5-A | F511: =IF(E511="","",IF(J511>0,"Occupied","Available")) -> Available | H511: {=IF(G511="","",IFERROR(INDEX('Material Master'!$B$2:$B$201,IFERROR(MATCH(G511,'Material Master'!$F$2:$F$201,0),MATCH(G511,'Material Master'!$A$2:$A$201,0))),""))} | I511: {=IF(G511="","",IFERROR(INDEX('Material Master'!$C$2:$C$201,IFERROR(MATCH(G511,'Material Master'!$F$2:$F$201,0),MATCH(G511,'Material Master'!$A$2:$A$201,0))),""))} | J511: =IF(E511="","",SUMIFS('Stock Movement'!$F$2:$F$501,'Stock Movement'!$D$2:$D$501,E511,'Stock Movement'!$E$2:$E$501,"IN")-SUMIFS('Stock Movement'!$F$2:$F$501,'Stock Movement'!$D$2:$D$501,E511,'Stock Movement'!$E$2:$E$501,"OUT")) -> 0 | K511: {=IF(G511="","",IFERROR(INDEX('Material Master'!$D$2:$D$201,IFERROR(MATCH(G511,'Material Master'!$F$2:$F$201,0),MATCH(G511,'Material Master'!$A$2:$A$201,0))),""))} | M511: Generated for Rack R01
A512: R01 | B512: 2 | C512: SL5 | D512: B | E512: =IF(COUNTA(A512:D512)=0,"",A512&"-"&"B"&TEXT(B512,"00")&"-"&C512&"-"&D512) -> R01-B02-SL5-B | F512: =IF(E512="","",IF(J512>0,"Occupied","Available")) -> Available | H512: {=IF(G512="","",IFERROR(INDEX('Material Master'!$B$2:$B$201,IFERROR(MATCH(G512,'Material Master'!$F$2:$F$201,0),MATCH(G512,'Material Master'!$A$2:$A$201,0))),""))} | I512: {=IF(G512="","",IFERROR(INDEX('Material Master'!$C$2:$C$201,IFERROR(MATCH(G512,'Material Master'!$F$2:$F$201,0),MATCH(G512,'Material Master'!$A$2:$A$201,0))),""))} | J512: =IF(E512="","",SUMIFS('Stock Movement'!$F$2:$F$501,'Stock Movement'!$D$2:$D$501,E512,'Stock Movement'!$E$2:$E$501,"IN")-SUMIFS('Stock Movement'!$F$2:$F$501,'Stock Movement'!$D$2:$D$501,E512,'Stock Movement'!$E$2:$E$501,"OUT")) -> 0 | K512: {=IF(G512="","",IFERROR(INDEX('Material Master'!$D$2:$D$201,IFERROR(MATCH(G512,'Material Master'!$F$2:$F$201,0),MATCH(G512,'Material Master'!$A$2:$A$201,0))),""))} | M512: Generated for Rack R01
A513: R01 | B513: 2 | C513: SL4 | D513: A | E513: =IF(COUNTA(A513:D513)=0,"",A513&"-"&"B"&TEXT(B513,"00")&"-"&C513&"-"&D513) -> R01-B02-SL4-A | F513: =IF(E513="","",IF(J513>0,"Occupied","Available")) -> Available | H513: {=IF(G513="","",IFERROR(INDEX('Material Master'!$B$2:$B$201,IFERROR(MATCH(G513,'Material Master'!$F$2:$F$201,0),MATCH(G513,'Material Master'!$A$2:$A$201,0))),""))} | I513: {=IF(G513="","",IFERROR(INDEX('Material Master'!$C$2:$C$201,IFERROR(MATCH(G513,'Material Master'!$F$2:$F$201,0),MATCH(G513,'Material Master'!$A$2:$A$201,0))),""))} | J513: =IF(E513="","",SUMIFS('Stock Movement'!$F$2:$F$501,'Stock Movement'!$D$2:$D$501,E513,'Stock Movement'!$E$2:$E$501,"IN")-SUMIFS('Stock Movement'!$F$2:$F$501,'Stock Movement'!$D$2:$D$501,E513,'Stock Movement'!$E$2:$E$501,"OUT")) -> 0 | K513: {=IF(G513="","",IFERROR(INDEX('Material Master'!$D$2:$D$201,IFERROR(MATCH(G513,'Material Master'!$F$2:$F$201,0),MATCH(G513,'Material Master'!$A$2:$A$201,0))),""))} | M513: Generated for Rack R01
A514: R01 | B514: 2 | C514: SL4 | D514: B | E514: =IF(COUNTA(A514:D514)=0,"",A514&"-"&"B"&TEXT(B514,"00")&"-"&C514&"-"&D514) -> R01-B02-SL4-B | F514: =IF(E514="","",IF(J514>0,"Occupied","Available")) -> Available | H514: {=IF(G514="","",IFERROR(INDEX('Material Master'!$B$2:$B$201,IFERROR(MATCH(G514,'Material Master'!$F$2:$F$201,0),MATCH(G514,'Material Master'!$A$2:$A$201,0))),""))} | I514: {=IF(G514="","",IFERROR(INDEX('Material Master'!$C$2:$C$201,IFERROR(MATCH(G514,'Material Master'!$F$2:$F$201,0),MATCH(G514,'Material Master'!$A$2:$A$201,0))),""))} | J514: =IF(E514="","",SUMIFS('Stock Movement'!$F$2:$F$501,'Stock Movement'!$D$2:$D$501,E514,'Stock Movement'!$E$2:$E$501,"IN")-SUMIFS('Stock Movement'!$F$2:$F$501,'Stock Movement'!$D$2:$D$501,E514,'Stock Movement'!$E$2:$E$501,"OUT")) -> 0 | K514: {=IF(G514="","",IFERROR(INDEX('Material Master'!$D$2:$D$201,IFERROR(MATCH(G514,'Material Master'!$F$2:$F$201,0),MATCH(G514,'Material Master'!$A$2:$A$201,0))),""))} | M514: Generated for Rack R01
... A539: R01 | B539: 4 | C539: GL1 | D539: B | E539: =IF(COUNTA(A539:D539)=0,"",A539&"-"&"B"&TEXT(B539,"00")&"-"&C539&"-"&D539) -> R01-B04-GL1-B | F539: =IF(E539="","",IF(J539>0,"Occupied","Available")) -> Available | H539: {=IF(G539="","",IFERROR(INDEX('Material Master'!$B$2:$B$201,IFERROR(MATCH(G539,'Material Master'!$F$2:$F$201,0),MATCH(G539,'Material Master'!$A$2:$A$201,0))),""))} | I539: {=IF(G539="","",IFERROR(INDEX('Material Master'!$C$2:$C$201,IFERROR(MATCH(G539,'Material Master'!$F$2:$F$201,0),MATCH(G539,'Material Master'!$A$2:$A$201,0))),""))} | J539: =IF(E539="","",SUMIFS('Stock Movement'!$F$2:$F$501,'Stock Movement'!$D$2:$D$501,E539,'Stock Movement'!$E$2:$E$501,"IN")-SUMIFS('Stock Movement'!$F$2:$F$501,'Stock Movement'!$D$2:$D$501,E539,'Stock Movement'!$E$2:$E$501,"OUT")) -> 0 | K539: {=IF(G539="","",IFERROR(INDEX('Material Master'!$D$2:$D$201,IFERROR(MATCH(G539,'Material Master'!$F$2:$F$201,0),MATCH(G539,'Material Master'!$A$2:$A$201,0))),""))} | M539: Generated for Rack R01

Sheet Stock Movement
A1: Date | B1: Material ID | C1: Material Description | D1: Location ID | E1: Transaction Type | F1: Quantity | G1: Unit | H1: Reference | I1: User | J1: Notes
A2: 46290 | B2: MAT001 | C2: =IF(B2="","",IFERROR(VLOOKUP(B2,'Material Master'!$A$2:$E$201,2,FALSE),"")) -> BUBBLE WRAP | D2: {=IF(B2="","",IFERROR(INDEX('Location Master'!$E$2:$E$502, IFERROR(MATCH(B2,'Location Master'!$G$2:$G$502,0), IFERROR(MATCH(B2&" (*",'Location Master'!$G$2:$G$502,0), MATCH(B2&"*",'Location Master'!$G$2:$G$502,0)))), ""))} -> R01-B01-GL1-A1 | E2: IN | F2: 5 | G2: =IF(B2="","",IFERROR(VLOOKUP(B2,'Material Master'!$A$2:$E$201,4,FALSE),"")) -> PCS | H2: PO-1001 | I2: Sanika | J2: Initial purchase order receipt
A3: 46293 | B3: MAT001 | C3: =IF(B3="","",IFERROR(VLOOKUP(B3,'Material Master'!$A$2:$E$201,2,FALSE),"")) -> BUBBLE WRAP | D3: {=IF(B3="","",IFERROR(INDEX('Location Master'!$E$2:$E$502, IFERROR(MATCH(B3,'Location Master'!$G$2:$G$502,0), IFERROR(MATCH(B3&" (*",'Location Master'!$G$2:$G$502,0), MATCH(B3&"*",'Location Master'!$G$2:$G$502,0)))), ""))} -> R01-B01-GL1-A1 | E3: OUT | F3: 3 | G3: =IF(B3="","",IFERROR(VLOOKUP(B3,'Material Master'!$A$2:$E$201,4,FALSE),"")) -> PCS | H3: SO-2041 | I3: Sanika | J3: Dispatched to packing station
A4: 46291 | B4: MAT002 | C4: =IF(B4="","",IFERROR(VLOOKUP(B4,'Material Master'!$A$2:$E$201,2,FALSE),"")) -> CANDLE_LUGNARE_SCNTD | D4: {=IF(B4="","",IFERROR(INDEX('Location Master'!$E$2:$E$502, IFERROR(MATCH(B4,'Location Master'!$G$2:$G$502,0), IFERROR(MATCH(B4&" (*",'Location Master'!$G$2:$G$502,0), MATCH(B4&"*",'Location Master'!$G$2:$G$502,0)))), ""))} -> R01-B01-GL1-B | E4: IN | F4: 150 | G4: =IF(B4="","",IFERROR(VLOOKUP(B4,'Material Master'!$A$2:$E$201,4,FALSE),"")) -> PCS | H4: PO-1002 | I4: Pravin | J4: Bulk shipment received
A5: 46294 | B5: MAT002 | C5: =IF(B5="","",IFERROR(VLOOKUP(B5,'Material Master'!$A$2:$E$201,2,FALSE),"")) -> CANDLE_LUGNARE_SCNTD | D5: {=IF(B5="","",IFERROR(INDEX('Location Master'!$E$2:$E$502, IFERROR(MATCH(B5,'Location Master'!$G$2:$G$502,0), IFERROR(MATCH(B5&" (*",'Location Master'!$G$2:$G$502,0), MATCH(B5&"*",'Location Master'!$G$2:$G$502,0)))), ""))} -> R01-B01-GL1-B | E5: OUT | F5: 12 | G5: =IF(B5="","",IFERROR(VLOOKUP(B5,'Material Master'!$A$2:$E$201,4,FALSE),"")) -> PCS | H5: SO-2042 | I5: Pravin | J5: Dispatched for retail display
A6: 46291 | B6: MAT003 | C6: =IF(B6="","",IFERROR(VLOOKUP(B6,'Material Master'!$A$2:$E$201,2,FALSE),"")) -> EXTRA MCB | D6: {=IF(B6="","",IFERROR(INDEX('Location Master'!$E$2:$E$502, IFERROR(MATCH(B6,'Location Master'!$G$2:$G$502,0), IFERROR(MATCH(B6&" (*",'Location Master'!$G$2:$G$502,0), MATCH(B6&"*",'Location Master'!$G$2:$G$502,0)))), ""))} -> R01-B01-GL2-A | E6: IN | F6: 10 | G6: =IF(B6="","",IFERROR(VLOOKUP(B6,'Material Master'!$A$2:$E$201,4,FALSE),"")) -> PCS | H6: PO-1003 | I6: Pravin | J6: Electrical spare intake
A7: 46294 | B7: MAT003 | C7: =IF(B7="","",IFERROR(VLOOKUP(B7,'Material Master'!$A$2:$E$201,2,FALSE),"")) -> EXTRA MCB | D7: {=IF(B7="","",IFERROR(INDEX('Location Master'!$E$2:$E$502, IFERROR(MATCH(B7,'Location Master'!$G$2:$G$502,0), IFERROR(MATCH(B7&" (*",'Location Master'!$G$2:$G$502,0), MATCH(B7&"*",'Location Master'!$G$2:$G$502,0)))), ""))} -> R01-B01-GL2-A | E7: OUT | F7: 9 | G7: =IF(B7="","",IFERROR(VLOOKUP(B7,'Material Master'!$A$2:$E$201,4,FALSE),"")) -> PCS | H7: SO-2043 | I7: Sanika | J7: Issued for panel maintenance
A8: 46292 | B8: MAT004 | C8: =IF(B8="","",IFERROR(VLOOKUP(B8,'Material Master'!$A$2:$E$201,2,FALSE),"")) -> FOSSIAL | D8: {=IF(B8="","",IFERROR(INDEX('Location Master'!$E$2:$E$502, IFERROR(MATCH(B8,'Location Master'!$G$2:$G$502,0), IFERROR(MATCH(B8&" (*",'Location Master'!$G$2:$G$502,0), MATCH(B8&"*",'Location Master'!$G$2:$G$502,0)))), ""))} -> R01-B01-GL2-B | E8: IN | F8: 10 | G8: =IF(B8="","",IFERROR(VLOOKUP(B8,'Material Master'!$A$2:$E$201,4,FALSE),"")) -> BAG | H8: PO-1004 | I8: Sanika | J8: Civil adhesive bag delivery
A9: 46295 | B9: MAT004 | C9: =IF(B9="","",IFERROR(VLOOKUP(B9,'Material Master'!$A$2:$E$201,2,FALSE),"")) -> FOSSIAL | D9: {=IF(B9="","",IFERROR(INDEX('Location Master'!$E$2:$E$502, IFERROR(MATCH(B9,'Location Master'!$G$2:$G$502,0), IFERROR(MATCH(B9&" (*",'Location Master'!$G$2:$G$502,0), MATCH(B9&"*",'Location Master'!$G$2:$G$502,0)))), ""))} -> R01-B01-GL2-B | E9: OUT | F9: 7 | G9: =IF(B9="","",IFERROR(VLOOKUP(B9,'Material Master'!$A$2:$E$201,4,FALSE),"")) -> BAG | H9: SO-2044 | I9: Pravin | J9: Issued to site masonry
A10: 46292 | B10: MAT005 | C10: =IF(B10="","",IFERROR(VLOOKUP(B10,'Material Master'!$A$2:$E$201,2,FALSE),"")) -> GRANITE_ AVALANCHE | D10: {=IF(B10="","",IFERROR(INDEX('Location Master'!$E$2:$E$502, IFERROR(MATCH(B10,'Location Master'!$G$2:$G$502,0), IFERROR(MATCH(B10&" (*",'Location Master'!$G$2:$G$502,0), MATCH(B10&"*",'Location Master'!$G$2:$G$502,0)))), ""))} -> R01-B02-GL1-A | E10: IN | F10: 50 | G10: =IF(B10="","",IFERROR(VLOOKUP(B10,'Material Master'!$A$2:$E$201,4,FALSE),"")) -> SQF | H10: PO-1005 | I10: Sanika | J10: Avalanche granite crate received
A11: 46294 | B11: MAT005 | C11: =IF(B11="","",IFERROR(VLOOKUP(B11,'Material Master'!$A$2:$E$201,2,FALSE),"")) -> GRANITE_ AVALANCHE | D11: {=IF(B11="","",IFERROR(INDEX('Location Master'!$E$2:$E$502, IFERROR(MATCH(B11,'Location Master'!$G$2:$G$502,0), IFERROR(MATCH(B11&" (*",'Location Master'!$G$2:$G$502,0), MATCH(B11&"*",'Location Master'!$G$2:$G$502,0)))), ""))} -> R01-B02-GL1-A | E11: OUT | F11: 10.87 | G11: =IF(B11="","",IFERROR(VLOOKUP(B11,'Material Master'!$A$2:$E$201,4,FALSE),"")) -> SQF | H11: SO-2045 | I11: Sanika | J11: Issued for countertop cutting
A12: 46293 | B12: MAT010 | C12: =IF(B12="","",IFERROR(VLOOKUP(B12,'Material Master'!$A$2:$E$201,2,FALSE),"")) -> SCREW_SELF THREAD_25X6 | D12: {=IF(B12="","",IFERROR(INDEX('Location Master'!$E$2:$E$502, IFERROR(MATCH(B12,'Location Master'!$G$2:$G$502,0), IFERROR(MATCH(B12&" (*",'Location Master'!$G$2:$G$502,0), MATCH(B12&"*",'Location Master'!$G$2:$G$502,0)))), ""))} -> R01-B02-GL2-A | E12: IN | F12: 5 | G12: =IF(B12="","",IFERROR(VLOOKUP(B12,'Material Master'!$A$2:$E$201,4,FALSE),"")) -> PCS | H12: PO-1006 | I12: Pravin | J12: Self thread screws intake
A13: 46295 | B13: MAT010 | C13: =IF(B13="","",IFERROR(VLOOKUP(B13,'Material Master'!$A$2:$E$201,2,FALSE),"")) -> SCREW_SELF THREAD_25X6 | D13: {=IF(B13="","",IFERROR(INDEX('Location Master'!$E$2:$E$502, IFERROR(MATCH(B13,'Location Master'!$G$2:$G$502,0), IFERROR(MATCH(B13&" (*",'Location Master'!$G$2:$G$502,0), MATCH(B13&"*",'Location Master'!$G$2:$G$502,0)))), ""))} -> R01-B02-GL2-A | E13: OUT | F13: 3 | G13: =IF(B13="","",IFERROR(VLOOKUP(B13,'Material Master'!$A$2:$E$201,4,FALSE),"")) -> PCS | H13: SO-2046 | I13: Pravin | J13: Dispatched for metal framing
... A21: 46295 | B21: MAT049 | C21: =IF(B21="","",IFERROR(VLOOKUP(B21,'Material Master'!$A$2:$E$201,2,FALSE),"")) -> ALL MOTTLED | D21: {=IF(B21="","",IFERROR(INDEX('Location Master'!$E$2:$E$502, IFERROR(MATCH(B21,'Location Master'!$G$2:$G$502,0), IFERROR(MATCH(B21&" (*",'Location Master'!$G$2:$G$502,0), MATCH(B21&"*",'Location Master'!$G$2:$G$502,0)))), ""))} -> R01-B02-GL1-B | E21: IN | F21: 10 | G21: =IF(B21="","",IFERROR(VLOOKUP(B21,'Material Master'!$A$2:$E$201,4,FALSE),"")) -> PCS | H21: PO-INIT | I21: Pravin | J21: Initial stock receipt upon slot assignment
C22: =IF(B22="","",IFERROR(VLOOKUP(B22,'Material Master'!$A$2:$E$201,2,FALSE),"")) | D22: {=IF(B22="","",IFERROR(INDEX('Location Master'!$E$2:$E$502, IFERROR(MATCH(B22,'Location Master'!$G$2:$G$502,0), IFERROR(MATCH(B22&" (*",'Location Master'!$G$2:$G$502,0), MATCH(B22&"*",'Location Master'!$G$2:$G$502,0)))), ""))} | G22: =IF(B22="","",IFERROR(VLOOKUP(B22,'Material Master'!$A$2:$E$201,4,FALSE),""))
C23: =IF(B23="","",IFERROR(VLOOKUP(B23,'Material Master'!$A$2:$E$201,2,FALSE),"")) | D23: {=IF(B23="","",IFERROR(INDEX('Location Master'!$E$2:$E$502, IFERROR(MATCH(B23,'Location Master'!$G$2:$G$502,0), IFERROR(MATCH(B23&" (*",'Location Master'!$G$2:$G$502,0), MATCH(B23&"*",'Location Master'!$G$2:$G$502,0)))), ""))} | G23: =IF(B23="","",IFERROR(VLOOKUP(B23,'Material Master'!$A$2:$E$201,4,FALSE),""))
C24: =IF(B24="","",IFERROR(VLOOKUP(B24,'Material Master'!$A$2:$E$201,2,FALSE),"")) | D24: {=IF(B24="","",IFERROR(INDEX('Location Master'!$E$2:$E$502, IFERROR(MATCH(B24,'Location Master'!$G$2:$G$502,0), IFERROR(MATCH(B24&" (*",'Location Master'!$G$2:$G$502,0), MATCH(B24&"*",'Location Master'!$G$2:$G$502,0)))), ""))} | G24: =IF(B24="","",IFERROR(VLOOKUP(B24,'Material Master'!$A$2:$E$201,4,FALSE),""))
C25: =IF(B25="","",IFERROR(VLOOKUP(B25,'Material Master'!$A$2:$E$201,2,FALSE),"")) | D25: {=IF(B25="","",IFERROR(INDEX('Location Master'!$E$2:$E$502, IFERROR(MATCH(B25,'Location Master'!$G$2:$G$502,0), IFERROR(MATCH(B25&" (*",'Location Master'!$G$2:$G$502,0), MATCH(B25&"*",'Location Master'!$G$2:$G$502,0)))), ""))} | G25: =IF(B25="","",IFERROR(VLOOKUP(B25,'Material Master'!$A$2:$E$201,4,FALSE),""))
C26: =IF(B26="","",IFERROR(VLOOKUP(B26,'Material Master'!$A$2:$E$201,2,FALSE),"")) | D26: {=IF(B26="","",IFERROR(INDEX('Location Master'!$E$2:$E$502, IFERROR(MATCH(B26,'Location Master'!$G$2:$G$502,0), IFERROR(MATCH(B26&" (*",'Location Master'!$G$2:$G$502,0), MATCH(B26&"*",'Location Master'!$G$2:$G$502,0)))), ""))} | G26: =IF(B26="","",IFERROR(VLOOKUP(B26,'Material Master'!$A$2:$E$201,4,FALSE),""))
C27: =IF(B27="","",IFERROR(VLOOKUP(B27,'Material Master'!$A$2:$E$201,2,FALSE),"")) | D27: {=IF(B27="","",IFERROR(INDEX('Location Master'!$E$2:$E$502, IFERROR(MATCH(B27,'Location Master'!$G$2:$G$502,0), IFERROR(MATCH(B27&" (*",'Location Master'!$G$2:$G$502,0), MATCH(B27&"*",'Location Master'!$G$2:$G$502,0)))), ""))} | G27: =IF(B27="","",IFERROR(VLOOKUP(B27,'Material Master'!$A$2:$E$201,4,FALSE),""))
C28: =IF(B28="","",IFERROR(VLOOKUP(B28,'Material Master'!$A$2:$E$201,2,FALSE),"")) | D28: {=IF(B28="","",IFERROR(INDEX('Location Master'!$E$2:$E$502, IFERROR(MATCH(B28,'Location Master'!$G$2:$G$502,0), IFERROR(MATCH(B28&" (*",'Location Master'!$G$2:$G$502,0), MATCH(B28&"*",'Location Master'!$G$2:$G$502,0)))), ""))} | G28: =IF(B28="","",IFERROR(VLOOKUP(B28,'Material Master'!$A$2:$E$201,4,FALSE),""))
C29: =IF(B29="","",IFERROR(VLOOKUP(B29,'Material Master'!$A$2:$E$201,2,FALSE),"")) | D29: {=IF(B29="","",IFERROR(INDEX('Location Master'!$E$2:$E$502, IFERROR(MATCH(B29,'Location Master'!$G$2:$G$502,0), IFERROR(MATCH(B29&" (*",'Location Master'!$G$2:$G$502,0), MATCH(B29&"*",'Location Master'!$G$2:$G$502,0)))), ""))} | G29: =IF(B29="","",IFERROR(VLOOKUP(B29,'Material Master'!$A$2:$E$201,4,FALSE),""))
C30: =IF(B30="","",IFERROR(VLOOKUP(B30,'Material Master'!$A$2:$E$201,2,FALSE),"")) | D30: {=IF(B30="","",IFERROR(INDEX('Location Master'!$E$2:$E$502, IFERROR(MATCH(B30,'Location Master'!$G$2:$G$502,0), IFERROR(MATCH(B30&" (*",'Location Master'!$G$2:$G$502,0), MATCH(B30&"*",'Location Master'!$G$2:$G$502,0)))), ""))} | G30: =IF(B30="","",IFERROR(VLOOKUP(B30,'Material Master'!$A$2:$E$201,4,FALSE),""))
C31: =IF(B31="","",IFERROR(VLOOKUP(B31,'Material Master'!$A$2:$E$201,2,FALSE),"")) | D31: {=IF(B31="","",IFERROR(INDEX('Location Master'!$E$2:$E$502, IFERROR(MATCH(B31,'Location Master'!$G$2:$G$502,0), IFERROR(MATCH(B31&" (*",'Location Master'!$G$2:$G$502,0), MATCH(B31&"*",'Location Master'!$G$2:$G$502,0)))), ""))} | G31: =IF(B31="","",IFERROR(VLOOKUP(B31,'Material Master'!$A$2:$E$201,4,FALSE),""))
C32: =IF(B32="","",IFERROR(VLOOKUP(B32,'Material Master'!$A$2:$E$201,2,FALSE),"")) | D32: {=IF(B32="","",IFERROR(INDEX('Location Master'!$E$2:$E$502, IFERROR(MATCH(B32,'Location Master'!$G$2:$G$502,0), IFERROR(MATCH(B32&" (*",'Location Master'!$G$2:$G$502,0), MATCH(B32&"*",'Location Master'!$G$2:$G$502,0)))), ""))} | G32: =IF(B32="","",IFERROR(VLOOKUP(B32,'Material Master'!$A$2:$E$201,4,FALSE),""))
C33: =IF(B33="","",IFERROR(VLOOKUP(B33,'Material Master'!$A$2:$E$201,2,FALSE),"")) | D33: {=IF(B33="","",IFERROR(INDEX('Location Master'!$E$2:$E$502, IFERROR(MATCH(B33,'Location Master'!$G$2:$G$502,0), IFERROR(MATCH(B33&" (*",'Location Master'!$G$2:$G$502,0), MATCH(B33&"*",'Location Master'!$G$2:$G$502,0)))), ""))} | G33: =IF(B33="","",IFERROR(VLOOKUP(B33,'Material Master'!$A$2:$E$201,4,FALSE),""))
... C501: =IF(B501="","",IFERROR(VLOOKUP(B501,'Material Master'!$A$2:$E$201,2,FALSE),"")) | D501: {=IF(B501="","",IFERROR(INDEX('Location Master'!$E$2:$E$502, IFERROR(MATCH(B501,'Location Master'!$G$2:$G$502,0), IFERROR(MATCH(B501&" (*",'Location Master'!$G$2:$G$502,0), MATCH(B501&"*",'Location Master'!$G$2:$G$502,0)))), ""))} | G501: =IF(B501="","",IFERROR(VLOOKUP(B501,'Material Master'!$A$2:$E$201,4,FALSE),""))

Sheet Inventory
A1: Material ID | B1: Material Description | C1: Category | D1: Location ID | E1: Opening Stock | F1: Stock IN | G1: Stock OUT | H1: Current Stock | I1: Unit | J1: Reorder Level | K1: Stock Status
A2: MAT001 | B2: =IF(A2="","",IFERROR(VLOOKUP(A2,'Material Master'!$A$2:$E$201,2,FALSE),"")) -> BUBBLE WRAP | C2: =IF(A2="","",IFERROR(VLOOKUP(A2,'Material Master'!$A$2:$E$201,3,FALSE),"")) -> PLUMBER | D2: {=IF(A2="","",IFERROR(INDEX('Location Master'!$E$2:$E$502, IFERROR(MATCH(A2,'Location Master'!$G$2:$G$502,0), IFERROR(MATCH(A2&" (*",'Location Master'!$G$2:$G$502,0), MATCH(A2&"*",'Location Master'!$G$2:$G$502,0)))), ""))} -> R01-B01-GL1-A1 | E2: 0 | F2: =IF(OR(A2="",D2=""),"",SUMIFS('Stock Movement'!$F$2:$F$501,'Stock Movement'!$B$2:$B$501,A2,'Stock Movement'!$D$2:$D$501,D2,'Stock Movement'!$E$2:$E$501,"IN")) -> 105 | G2: =IF(OR(A2="",D2=""),"",SUMIFS('Stock Movement'!$F$2:$F$501,'Stock Movement'!$B$2:$B$501,A2,'Stock Movement'!$D$2:$D$501,D2,'Stock Movement'!$E$2:$E$501,"OUT")) -> 5 | H2: =IF(A2="","",E2+F2-G2) -> 100 | I2: =IF(A2="","",IFERROR(VLOOKUP(A2,'Material Master'!$A$2:$E$201,4,FALSE),"")) -> PCS | J2: =IF(A2="","",IFERROR(VLOOKUP(A2,'Material Master'!$A$2:$E$201,5,FALSE),"")) -> 10 | K2: =IF(A2="","",IF(H2<=J2,"REORDER","OK")) -> OK
A3: MAT002 | B3: =IF(A3="","",IFERROR(VLOOKUP(A3,'Material Master'!$A$2:$E$201,2,FALSE),"")) -> CANDLE_LUGNARE_SCNTD | C3: =IF(A3="","",IFERROR(VLOOKUP(A3,'Material Master'!$A$2:$E$201,3,FALSE),"")) -> DECOR | D3: {=IF(A3="","",IFERROR(INDEX('Location Master'!$E$2:$E$502, IFERROR(MATCH(A3,'Location Master'!$G$2:$G$502,0), IFERROR(MATCH(A3&" (*",'Location Master'!$G$2:$G$502,0), MATCH(A3&"*",'Location Master'!$G$2:$G$502,0)))), ""))} -> R01-B01-GL1-B | E3: 0 | F3: =IF(OR(A3="",D3=""),"",SUMIFS('Stock Movement'!$F$2:$F$501,'Stock Movement'!$B$2:$B$501,A3,'Stock Movement'!$D$2:$D$501,D3,'Stock Movement'!$E$2:$E$501,"IN")) -> 150 | G3: =IF(OR(A3="",D3=""),"",SUMIFS('Stock Movement'!$F$2:$F$501,'Stock Movement'!$B$2:$B$501,A3,'Stock Movement'!$D$2:$D$501,D3,'Stock Movement'!$E$2:$E$501,"OUT")) -> 12 | H3: =IF(A3="","",E3+F3-G3) -> 138 | I3: =IF(A3="","",IFERROR(VLOOKUP(A3,'Material Master'!$A$2:$E$201,4,FALSE),"")) -> PCS | J3: =IF(A3="","",IFERROR(VLOOKUP(A3,'Material Master'!$A$2:$E$201,5,FALSE),"")) -> 25 | K3: =IF(A3="","",IF(H3<=J3,"REORDER","OK")) -> OK
A4: MAT003 | B4: =IF(A4="","",IFERROR(VLOOKUP(A4,'Material Master'!$A$2:$E$201,2,FALSE),"")) -> EXTRA MCB | C4: =IF(A4="","",IFERROR(VLOOKUP(A4,'Material Master'!$A$2:$E$201,3,FALSE),"")) -> ELECTRIC | D4: {=IF(A4="","",IFERROR(INDEX('Location Master'!$E$2:$E$502, IFERROR(MATCH(A4,'Location Master'!$G$2:$G$502,0), IFERROR(MATCH(A4&" (*",'Location Master'!$G$2:$G$502,0), MATCH(A4&"*",'Location Master'!$G$2:$G$502,0)))), ""))} -> R01-B01-GL2-A | E4: 0 | F4: =IF(OR(A4="",D4=""),"",SUMIFS('Stock Movement'!$F$2:$F$501,'Stock Movement'!$B$2:$B$501,A4,'Stock Movement'!$D$2:$D$501,D4,'Stock Movement'!$E$2:$E$501,"IN")) -> 10 | G4: =IF(OR(A4="",D4=""),"",SUMIFS('Stock Movement'!$F$2:$F$501,'Stock Movement'!$B$2:$B$501,A4,'Stock Movement'!$D$2:$D$501,D4,'Stock Movement'!$E$2:$E$501,"OUT")) -> 9 | H4: =IF(A4="","",E4+F4-G4) -> 1 | I4: =IF(A4="","",IFERROR(VLOOKUP(A4,'Material Master'!$A$2:$E$201,4,FALSE),"")) -> PCS | J4: =IF(A4="","",IFERROR(VLOOKUP(A4,'Material Master'!$A$2:$E$201,5,FALSE),"")) -> 5 | K4: =IF(A4="","",IF(H4<=J4,"REORDER","OK")) -> REORDER
A5: MAT004 | B5: =IF(A5="","",IFERROR(VLOOKUP(A5,'Material Master'!$A$2:$E$201,2,FALSE),"")) -> FOSSIAL | C5: =IF(A5="","",IFERROR(VLOOKUP(A5,'Material Master'!$A$2:$E$201,3,FALSE),"")) -> CIVIL | D5: {=IF(A5="","",IFERROR(INDEX('Location Master'!$E$2:$E$502, IFERROR(MATCH(A5,'Location Master'!$G$2:$G$502,0), IFERROR(MATCH(A5&" (*",'Location Master'!$G$2:$G$502,0), MATCH(A5&"*",'Location Master'!$G$2:$G$502,0)))), ""))} -> R01-B01-GL2-B | E5: 0 | F5: =IF(OR(A5="",D5=""),"",SUMIFS('Stock Movement'!$F$2:$F$501,'Stock Movement'!$B$2:$B$501,A5,'Stock Movement'!$D$2:$D$501,D5,'Stock Movement'!$E$2:$E$501,"IN")) -> 10 | G5: =IF(OR(A5="",D5=""),"",SUMIFS('Stock Movement'!$F$2:$F$501,'Stock Movement'!$B$2:$B$501,A5,'Stock Movement'!$D$2:$D$501,D5,'Stock Movement'!$E$2:$E$501,"OUT")) -> 7 | H5: =IF(A5="","",E5+F5-G5) -> 3 | I5: =IF(A5="","",IFERROR(VLOOKUP(A5,'Material Master'!$A$2:$E$201,4,FALSE),"")) -> BAG | J5: =IF(A5="","",IFERROR(VLOOKUP(A5,'Material Master'!$A$2:$E$201,5,FALSE),"")) -> 5 | K5: =IF(A5="","",IF(H5<=J5,"REORDER","OK")) -> REORDER
A6: MAT005 | B6: =IF(A6="","",IFERROR(VLOOKUP(A6,'Material Master'!$A$2:$E$201,2,FALSE),"")) -> GRANITE_ AVALANCHE | C6: =IF(A6="","",IFERROR(VLOOKUP(A6,'Material Master'!$A$2:$E$201,3,FALSE),"")) -> CIVIL | D6: {=IF(A6="","",IFERROR(INDEX('Location Master'!$E$2:$E$502, IFERROR(MATCH(A6,'Location Master'!$G$2:$G$502,0), IFERROR(MATCH(A6&" (*",'Location Master'!$G$2:$G$502,0), MATCH(A6&"*",'Location Master'!$G$2:$G$502,0)))), ""))} -> R01-B02-GL1-A | E6: 0 | F6: =IF(OR(A6="",D6=""),"",SUMIFS('Stock Movement'!$F$2:$F$501,'Stock Movement'!$B$2:$B$501,A6,'Stock Movement'!$D$2:$D$501,D6,'Stock Movement'!$E$2:$E$501,"IN")) -> 50 | G6: =IF(OR(A6="",D6=""),"",SUMIFS('Stock Movement'!$F$2:$F$501,'Stock Movement'!$B$2:$B$501,A6,'Stock Movement'!$D$2:$D$501,D6,'Stock Movement'!$E$2:$E$501,"OUT")) -> 10.87 | H6: =IF(A6="","",E6+F6-G6) -> 39.13 | I6: =IF(A6="","",IFERROR(VLOOKUP(A6,'Material Master'!$A$2:$E$201,4,FALSE),"")) -> SQF | J6: =IF(A6="","",IFERROR(VLOOKUP(A6,'Material Master'!$A$2:$E$201,5,FALSE),"")) -> 20 | K6: =IF(A6="","",IF(H6<=J6,"REORDER","OK")) -> OK
A7: MAT010 | B7: =IF(A7="","",IFERROR(VLOOKUP(A7,'Material Master'!$A$2:$E$201,2,FALSE),"")) -> SCREW_SELF THREAD_25X6 | C7: =IF(A7="","",IFERROR(VLOOKUP(A7,'Material Master'!$A$2:$E$201,3,FALSE),"")) -> ELECTRIC | D7: {=IF(A7="","",IFERROR(INDEX('Location Master'!$E$2:$E$502, IFERROR(MATCH(A7,'Location Master'!$G$2:$G$502,0), IFERROR(MATCH(A7&" (*",'Location Master'!$G$2:$G$502,0), MATCH(A7&"*",'Location Master'!$G$2:$G$502,0)))), ""))} -> R01-B02-GL2-A | E7: 0 | F7: =IF(OR(A7="",D7=""),"",SUMIFS('Stock Movement'!$F$2:$F$501,'Stock Movement'!$B$2:$B$501,A7,'Stock Movement'!$D$2:$D$501,D7,'Stock Movement'!$E$2:$E$501,"IN")) -> 5 | G7: =IF(OR(A7="",D7=""),"",SUMIFS('Stock Movement'!$F$2:$F$501,'Stock Movement'!$B$2:$B$501,A7,'Stock Movement'!$D$2:$D$501,D7,'Stock Movement'!$E$2:$E$501,"OUT")) -> 3 | H7: =IF(A7="","",E7+F7-G7) -> 2 | I7: =IF(A7="","",IFERROR(VLOOKUP(A7,'Material Master'!$A$2:$E$201,4,FALSE),"")) -> PCS | J7: =IF(A7="","",IFERROR(VLOOKUP(A7,'Material Master'!$A$2:$E$201,5,FALSE),"")) -> 10 | K7: =IF(A7="","",IF(H7<=J7,"REORDER","OK")) -> REORDER
A8: MAT012 | B8: =IF(A8="","",IFERROR(VLOOKUP(A8,'Material Master'!$A$2:$E$201,2,FALSE),"")) -> SLUE PIPE_20MM | C8: =IF(A8="","",IFERROR(VLOOKUP(A8,'Material Master'!$A$2:$E$201,3,FALSE),"")) -> AC | D8: {=IF(A8="","",IFERROR(INDEX('Location Master'!$E$2:$E$502, IFERROR(MATCH(A8,'Location Master'!$G$2:$G$502,0), IFERROR(MATCH(A8&" (*",'Location Master'!$G$2:$G$502,0), MATCH(A8&"*",'Location Master'!$G$2:$G$502,0)))), ""))} -> R01-B02-GL2-B | E8: 0 | F8: =IF(OR(A8="",D8=""),"",SUMIFS('Stock Movement'!$F$2:$F$501,'Stock Movement'!$B$2:$B$501,A8,'Stock Movement'!$D$2:$D$501,D8,'Stock Movement'!$E$2:$E$501,"IN")) -> 4 | G8: =IF(OR(A8="",D8=""),"",SUMIFS('Stock Movement'!$F$2:$F$501,'Stock Movement'!$B$2:$B$501,A8,'Stock Movement'!$D$2:$D$501,D8,'Stock Movement'!$E$2:$E$501,"OUT")) -> 3 | H8: =IF(A8="","",E8+F8-G8) -> 1 | I8: =IF(A8="","",IFERROR(VLOOKUP(A8,'Material Master'!$A$2:$E$201,4,FALSE),"")) -> PCS | J8: =IF(A8="","",IFERROR(VLOOKUP(A8,'Material Master'!$A$2:$E$201,5,FALSE),"")) -> 5 | K8: =IF(A8="","",IF(H8<=J8,"REORDER","OK")) -> REORDER
A9: MAT016 | B9: =IF(A9="","",IFERROR(VLOOKUP(A9,'Material Master'!$A$2:$E$201,2,FALSE),"")) -> 2*10 WIRE NAIL | C9: =IF(A9="","",IFERROR(VLOOKUP(A9,'Material Master'!$A$2:$E$201,3,FALSE),"")) -> FURNISHING | D9: {=IF(A9="","",IFERROR(INDEX('Location Master'!$E$2:$E$502, IFERROR(MATCH(A9,'Location Master'!$G$2:$G$502,0), IFERROR(MATCH(A9&" (*",'Location Master'!$G$2:$G$502,0), MATCH(A9&"*",'Location Master'!$G$2:$G$502,0)))), ""))} -> R01-B01-GL3-A | E9: 0 | F9: =IF(OR(A9="",D9=""),"",SUMIFS('Stock Movement'!$F$2:$F$501,'Stock Movement'!$B$2:$B$501,A9,'Stock Movement'!$D$2:$D$501,D9,'Stock Movement'!$E$2:$E$501,"IN")) -> 10 | G9: =IF(OR(A9="",D9=""),"",SUMIFS('Stock Movement'!$F$2:$F$501,'Stock Movement'!$B$2:$B$501,A9,'Stock Movement'!$D$2:$D$501,D9,'Stock Movement'!$E$2:$E$501,"OUT")) -> 6 | H9: =IF(A9="","",E9+F9-G9) -> 4 | I9: =IF(A9="","",IFERROR(VLOOKUP(A9,'Material Master'!$A$2:$E$201,4,FALSE),"")) -> PCS | J9: =IF(A9="","",IFERROR(VLOOKUP(A9,'Material Master'!$A$2:$E$201,5,FALSE),"")) -> 10 | K9: =IF(A9="","",IF(H9<=J9,"REORDER","OK")) -> REORDER
B10: =IF(A10="","",IFERROR(VLOOKUP(A10,'Material Master'!$A$2:$E$201,2,FALSE),"")) | C10: =IF(A10="","",IFERROR(VLOOKUP(A10,'Material Master'!$A$2:$E$201,3,FALSE),"")) | D10: {=IF(A10="","",IFERROR(INDEX('Location Master'!$E$2:$E$502, IFERROR(MATCH(A10,'Location Master'!$G$2:$G$502,0), IFERROR(MATCH(A10&" (*",'Location Master'!$G$2:$G$502,0), MATCH(A10&"*",'Location Master'!$G$2:$G$502,0)))), ""))} | F10: =IF(OR(A10="",D10=""),"",SUMIFS('Stock Movement'!$F$2:$F$501,'Stock Movement'!$B$2:$B$501,A10,'Stock Movement'!$D$2:$D$501,D10,'Stock Movement'!$E$2:$E$501,"IN")) | G10: =IF(OR(A10="",D10=""),"",SUMIFS('Stock Movement'!$F$2:$F$501,'Stock Movement'!$B$2:$B$501,A10,'Stock Movement'!$D$2:$D$501,D10,'Stock Movement'!$E$2:$E$501,"OUT")) | H10: =IF(A10="","",E10+F10-G10) | I10: =IF(A10="","",IFERROR(VLOOKUP(A10,'Material Master'!$A$2:$E$201,4,FALSE),"")) | J10: =IF(A10="","",IFERROR(VLOOKUP(A10,'Material Master'!$A$2:$E$201,5,FALSE),"")) | K10: =IF(A10="","",IF(H10<=J10,"REORDER","OK"))
B11: =IF(A11="","",IFERROR(VLOOKUP(A11,'Material Master'!$A$2:$E$201,2,FALSE),"")) | C11: =IF(A11="","",IFERROR(VLOOKUP(A11,'Material Master'!$A$2:$E$201,3,FALSE),"")) | D11: {=IF(A11="","",IFERROR(INDEX('Location Master'!$E$2:$E$502, IFERROR(MATCH(A11,'Location Master'!$G$2:$G$502,0), IFERROR(MATCH(A11&" (*",'Location Master'!$G$2:$G$502,0), MATCH(A11&"*",'Location Master'!$G$2:$G$502,0)))), ""))} | F11: =IF(OR(A11="",D11=""),"",SUMIFS('Stock Movement'!$F$2:$F$501,'Stock Movement'!$B$2:$B$501,A11,'Stock Movement'!$D$2:$D$501,D11,'Stock Movement'!$E$2:$E$501,"IN")) | G11: =IF(OR(A11="",D11=""),"",SUMIFS('Stock Movement'!$F$2:$F$501,'Stock Movement'!$B$2:$B$501,A11,'Stock Movement'!$D$2:$D$501,D11,'Stock Movement'!$E$2:$E$501,"OUT")) | H11: =IF(A11="","",E11+F11-G11) | I11: =IF(A11="","",IFERROR(VLOOKUP(A11,'Material Master'!$A$2:$E$201,4,FALSE),"")) | J11: =IF(A11="","",IFERROR(VLOOKUP(A11,'Material Master'!$A$2:$E$201,5,FALSE),"")) | K11: =IF(A11="","",IF(H11<=J11,"REORDER","OK"))
B12: =IF(A12="","",IFERROR(VLOOKUP(A12,'Material Master'!$A$2:$E$201,2,FALSE),"")) | C12: =IF(A12="","",IFERROR(VLOOKUP(A12,'Material Master'!$A$2:$E$201,3,FALSE),"")) | D12: {=IF(A12="","",IFERROR(INDEX('Location Master'!$E$2:$E$502, IFERROR(MATCH(A12,'Location Master'!$G$2:$G$502,0), IFERROR(MATCH(A12&" (*",'Location Master'!$G$2:$G$502,0), MATCH(A12&"*",'Location Master'!$G$2:$G$502,0)))), ""))} | F12: =IF(OR(A12="",D12=""),"",SUMIFS('Stock Movement'!$F$2:$F$501,'Stock Movement'!$B$2:$B$501,A12,'Stock Movement'!$D$2:$D$501,D12,'Stock Movement'!$E$2:$E$501,"IN")) | G12: =IF(OR(A12="",D12=""),"",SUMIFS('Stock Movement'!$F$2:$F$501,'Stock Movement'!$B$2:$B$501,A12,'Stock Movement'!$D$2:$D$501,D12,'Stock Movement'!$E$2:$E$501,"OUT")) | H12: =IF(A12="","",E12+F12-G12) | I12: =IF(A12="","",IFERROR(VLOOKUP(A12,'Material Master'!$A$2:$E$201,4,FALSE),"")) | J12: =IF(A12="","",IFERROR(VLOOKUP(A12,'Material Master'!$A$2:$E$201,5,FALSE),"")) | K12: =IF(A12="","",IF(H12<=J12,"REORDER","OK"))
B13: =IF(A13="","",IFERROR(VLOOKUP(A13,'Material Master'!$A$2:$E$201,2,FALSE),"")) | C13: =IF(A13="","",IFERROR(VLOOKUP(A13,'Material Master'!$A$2:$E$201,3,FALSE),"")) | D13: {=IF(A13="","",IFERROR(INDEX('Location Master'!$E$2:$E$502, IFERROR(MATCH(A13,'Location Master'!$G$2:$G$502,0), IFERROR(MATCH(A13&" (*",'Location Master'!$G$2:$G$502,0), MATCH(A13&"*",'Location Master'!$G$2:$G$502,0)))), ""))} | F13: =IF(OR(A13="",D13=""),"",SUMIFS('Stock Movement'!$F$2:$F$501,'Stock Movement'!$B$2:$B$501,A13,'Stock Movement'!$D$2:$D$501,D13,'Stock Movement'!$E$2:$E$501,"IN")) | G13: =IF(OR(A13="",D13=""),"",SUMIFS('Stock Movement'!$F$2:$F$501,'Stock Movement'!$B$2:$B$501,A13,'Stock Movement'!$D$2:$D$501,D13,'Stock Movement'!$E$2:$E$501,"OUT")) | H13: =IF(A13="","",E13+F13-G13) | I13: =IF(A13="","",IFERROR(VLOOKUP(A13,'Material Master'!$A$2:$E$201,4,FALSE),"")) | J13: =IF(A13="","",IFERROR(VLOOKUP(A13,'Material Master'!$A$2:$E$201,5,FALSE),"")) | K13: =IF(A13="","",IF(H13<=J13,"REORDER","OK"))
B14: =IF(A14="","",IFERROR(VLOOKUP(A14,'Material Master'!$A$2:$E$201,2,FALSE),"")) | C14: =IF(A14="","",IFERROR(VLOOKUP(A14,'Material Master'!$A$2:$E$201,3,FALSE),"")) | D14: {=IF(A14="","",IFERROR(INDEX('Location Master'!$E$2:$E$502, IFERROR(MATCH(A14,'Location Master'!$G$2:$G$502,0), IFERROR(MATCH(A14&" (*",'Location Master'!$G$2:$G$502,0), MATCH(A14&"*",'Location Master'!$G$2:$G$502,0)))), ""))} | F14: =IF(OR(A14="",D14=""),"",SUMIFS('Stock Movement'!$F$2:$F$501,'Stock Movement'!$B$2:$B$501,A14,'Stock Movement'!$D$2:$D$501,D14,'Stock Movement'!$E$2:$E$501,"IN")) | G14: =IF(OR(A14="",D14=""),"",SUMIFS('Stock Movement'!$F$2:$F$501,'Stock Movement'!$B$2:$B$501,A14,'Stock Movement'!$D$2:$D$501,D14,'Stock Movement'!$E$2:$E$501,"OUT")) | H14: =IF(A14="","",E14+F14-G14) | I14: =IF(A14="","",IFERROR(VLOOKUP(A14,'Material Master'!$A$2:$E$201,4,FALSE),"")) | J14: =IF(A14="","",IFERROR(VLOOKUP(A14,'Material Master'!$A$2:$E$201,5,FALSE),"")) | K14: =IF(A14="","",IF(H14<=J14,"REORDER","OK"))
B15: =IF(A15="","",IFERROR(VLOOKUP(A15,'Material Master'!$A$2:$E$201,2,FALSE),"")) | C15: =IF(A15="","",IFERROR(VLOOKUP(A15,'Material Master'!$A$2:$E$201,3,FALSE),"")) | D15: {=IF(A15="","",IFERROR(INDEX('Location Master'!$E$2:$E$502, IFERROR(MATCH(A15,'Location Master'!$G$2:$G$502,0), IFERROR(MATCH(A15&" (*",'Location Master'!$G$2:$G$502,0), MATCH(A15&"*",'Location Master'!$G$2:$G$502,0)))), ""))} | F15: =IF(OR(A15="",D15=""),"",SUMIFS('Stock Movement'!$F$2:$F$501,'Stock Movement'!$B$2:$B$501,A15,'Stock Movement'!$D$2:$D$501,D15,'Stock Movement'!$E$2:$E$501,"IN")) | G15: =IF(OR(A15="",D15=""),"",SUMIFS('Stock Movement'!$F$2:$F$501,'Stock Movement'!$B$2:$B$501,A15,'Stock Movement'!$D$2:$D$501,D15,'Stock Movement'!$E$2:$E$501,"OUT")) | H15: =IF(A15="","",E15+F15-G15) | I15: =IF(A15="","",IFERROR(VLOOKUP(A15,'Material Master'!$A$2:$E$201,4,FALSE),"")) | J15: =IF(A15="","",IFERROR(VLOOKUP(A15,'Material Master'!$A$2:$E$201,5,FALSE),"")) | K15: =IF(A15="","",IF(H15<=J15,"REORDER","OK"))
B16: =IF(A16="","",IFERROR(VLOOKUP(A16,'Material Master'!$A$2:$E$201,2,FALSE),"")) | C16: =IF(A16="","",IFERROR(VLOOKUP(A16,'Material Master'!$A$2:$E$201,3,FALSE),"")) | D16: {=IF(A16="","",IFERROR(INDEX('Location Master'!$E$2:$E$502, IFERROR(MATCH(A16,'Location Master'!$G$2:$G$502,0), IFERROR(MATCH(A16&" (*",'Location Master'!$G$2:$G$502,0), MATCH(A16&"*",'Location Master'!$G$2:$G$502,0)))), ""))} | F16: =IF(OR(A16="",D16=""),"",SUMIFS('Stock Movement'!$F$2:$F$501,'Stock Movement'!$B$2:$B$501,A16,'Stock Movement'!$D$2:$D$501,D16,'Stock Movement'!$E$2:$E$501,"IN")) | G16: =IF(OR(A16="",D16=""),"",SUMIFS('Stock Movement'!$F$2:$F$501,'Stock Movement'!$B$2:$B$501,A16,'Stock Movement'!$D$2:$D$501,D16,'Stock Movement'!$E$2:$E$501,"OUT")) | H16: =IF(A16="","",E16+F16-G16) | I16: =IF(A16="","",IFERROR(VLOOKUP(A16,'Material Master'!$A$2:$E$201,4,FALSE),"")) | J16: =IF(A16="","",IFERROR(VLOOKUP(A16,'Material Master'!$A$2:$E$201,5,FALSE),"")) | K16: =IF(A16="","",IF(H16<=J16,"REORDER","OK"))
B17: =IF(A17="","",IFERROR(VLOOKUP(A17,'Material Master'!$A$2:$E$201,2,FALSE),"")) | C17: =IF(A17="","",IFERROR(VLOOKUP(A17,'Material Master'!$A$2:$E$201,3,FALSE),"")) | D17: {=IF(A17="","",IFERROR(INDEX('Location Master'!$E$2:$E$502, IFERROR(MATCH(A17,'Location Master'!$G$2:$G$502,0), IFERROR(MATCH(A17&" (*",'Location Master'!$G$2:$G$502,0), MATCH(A17&"*",'Location Master'!$G$2:$G$502,0)))), ""))} | F17: =IF(OR(A17="",D17=""),"",SUMIFS('Stock Movement'!$F$2:$F$501,'Stock Movement'!$B$2:$B$501,A17,'Stock Movement'!$D$2:$D$501,D17,'Stock Movement'!$E$2:$E$501,"IN")) | G17: =IF(OR(A17="",D17=""),"",SUMIFS('Stock Movement'!$F$2:$F$501,'Stock Movement'!$B$2:$B$501,A17,'Stock Movement'!$D$2:$D$501,D17,'Stock Movement'!$E$2:$E$501,"OUT")) | H17: =IF(A17="","",E17+F17-G17) | I17: =IF(A17="","",IFERROR(VLOOKUP(A17,'Material Master'!$A$2:$E$201,4,FALSE),"")) | J17: =IF(A17="","",IFERROR(VLOOKUP(A17,'Material Master'!$A$2:$E$201,5,FALSE),"")) | K17: =IF(A17="","",IF(H17<=J17,"REORDER","OK"))
B18: =IF(A18="","",IFERROR(VLOOKUP(A18,'Material Master'!$A$2:$E$201,2,FALSE),"")) | C18: =IF(A18="","",IFERROR(VLOOKUP(A18,'Material Master'!$A$2:$E$201,3,FALSE),"")) | D18: {=IF(A18="","",IFERROR(INDEX('Location Master'!$E$2:$E$502, IFERROR(MATCH(A18,'Location Master'!$G$2:$G$502,0), IFERROR(MATCH(A18&" (*",'Location Master'!$G$2:$G$502,0), MATCH(A18&"*",'Location Master'!$G$2:$G$502,0)))), ""))} | F18: =IF(OR(A18="",D18=""),"",SUMIFS('Stock Movement'!$F$2:$F$501,'Stock Movement'!$B$2:$B$501,A18,'Stock Movement'!$D$2:$D$501,D18,'Stock Movement'!$E$2:$E$501,"IN")) | G18: =IF(OR(A18="",D18=""),"",SUMIFS('Stock Movement'!$F$2:$F$501,'Stock Movement'!$B$2:$B$501,A18,'Stock Movement'!$D$2:$D$501,D18,'Stock Movement'!$E$2:$E$501,"OUT")) | H18: =IF(A18="","",E18+F18-G18) | I18: =IF(A18="","",IFERROR(VLOOKUP(A18,'Material Master'!$A$2:$E$201,4,FALSE),"")) | J18: =IF(A18="","",IFERROR(VLOOKUP(A18,'Material Master'!$A$2:$E$201,5,FALSE),"")) | K18: =IF(A18="","",IF(H18<=J18,"REORDER","OK"))
B19: =IF(A19="","",IFERROR(VLOOKUP(A19,'Material Master'!$A$2:$E$201,2,FALSE),"")) | C19: =IF(A19="","",IFERROR(VLOOKUP(A19,'Material Master'!$A$2:$E$201,3,FALSE),"")) | D19: {=IF(A19="","",IFERROR(INDEX('Location Master'!$E$2:$E$502, IFERROR(MATCH(A19,'Location Master'!$G$2:$G$502,0), IFERROR(MATCH(A19&" (*",'Location Master'!$G$2:$G$502,0), MATCH(A19&"*",'Location Master'!$G$2:$G$502,0)))), ""))} | F19: =IF(OR(A19="",D19=""),"",SUMIFS('Stock Movement'!$F$2:$F$501,'Stock Movement'!$B$2:$B$501,A19,'Stock Movement'!$D$2:$D$501,D19,'Stock Movement'!$E$2:$E$501,"IN")) | G19: =IF(OR(A19="",D19=""),"",SUMIFS('Stock Movement'!$F$2:$F$501,'Stock Movement'!$B$2:$B$501,A19,'Stock Movement'!$D$2:$D$501,D19,'Stock Movement'!$E$2:$E$501,"OUT")) | H19: =IF(A19="","",E19+F19-G19) | I19: =IF(A19="","",IFERROR(VLOOKUP(A19,'Material Master'!$A$2:$E$201,4,FALSE),"")) | J19: =IF(A19="","",IFERROR(VLOOKUP(A19,'Material Master'!$A$2:$E$201,5,FALSE),"")) | K19: =IF(A19="","",IF(H19<=J19,"REORDER","OK"))
B20: =IF(A20="","",IFERROR(VLOOKUP(A20,'Material Master'!$A$2:$E$201,2,FALSE),"")) | C20: =IF(A20="","",IFERROR(VLOOKUP(A20,'Material Master'!$A$2:$E$201,3,FALSE),"")) | D20: {=IF(A20="","",IFERROR(INDEX('Location Master'!$E$2:$E$502, IFERROR(MATCH(A20,'Location Master'!$G$2:$G$502,0), IFERROR(MATCH(A20&" (*",'Location Master'!$G$2:$G$502,0), MATCH(A20&"*",'Location Master'!$G$2:$G$502,0)))), ""))} | F20: =IF(OR(A20="",D20=""),"",SUMIFS('Stock Movement'!$F$2:$F$501,'Stock Movement'!$B$2:$B$501,A20,'Stock Movement'!$D$2:$D$501,D20,'Stock Movement'!$E$2:$E$501,"IN")) | G20: =IF(OR(A20="",D20=""),"",SUMIFS('Stock Movement'!$F$2:$F$501,'Stock Movement'!$B$2:$B$501,A20,'Stock Movement'!$D$2:$D$501,D20,'Stock Movement'!$E$2:$E$501,"OUT")) | H20: =IF(A20="","",E20+F20-G20) | I20: =IF(A20="","",IFERROR(VLOOKUP(A20,'Material Master'!$A$2:$E$201,4,FALSE),"")) | J20: =IF(A20="","",IFERROR(VLOOKUP(A20,'Material Master'!$A$2:$E$201,5,FALSE),"")) | K20: =IF(A20="","",IF(H20<=J20,"REORDER","OK"))
B21: =IF(A21="","",IFERROR(VLOOKUP(A21,'Material Master'!$A$2:$E$201,2,FALSE),"")) | C21: =IF(A21="","",IFERROR(VLOOKUP(A21,'Material Master'!$A$2:$E$201,3,FALSE),"")) | D21: {=IF(A21="","",IFERROR(INDEX('Location Master'!$E$2:$E$502, IFERROR(MATCH(A21,'Location Master'!$G$2:$G$502,0), IFERROR(MATCH(A21&" (*",'Location Master'!$G$2:$G$502,0), MATCH(A21&"*",'Location Master'!$G$2:$G$502,0)))), ""))} | F21: =IF(OR(A21="",D21=""),"",SUMIFS('Stock Movement'!$F$2:$F$501,'Stock Movement'!$B$2:$B$501,A21,'Stock Movement'!$D$2:$D$501,D21,'Stock Movement'!$E$2:$E$501,"IN")) | G21: =IF(OR(A21="",D21=""),"",SUMIFS('Stock Movement'!$F$2:$F$501,'Stock Movement'!$B$2:$B$501,A21,'Stock Movement'!$D$2:$D$501,D21,'Stock Movement'!$E$2:$E$501,"OUT")) | H21: =IF(A21="","",E21+F21-G21) | I21: =IF(A21="","",IFERROR(VLOOKUP(A21,'Material Master'!$A$2:$E$201,4,FALSE),"")) | J21: =IF(A21="","",IFERROR(VLOOKUP(A21,'Material Master'!$A$2:$E$201,5,FALSE),"")) | K21: =IF(A21="","",IF(H21<=J21,"REORDER","OK"))
... B201: =IF(A201="","",IFERROR(VLOOKUP(A201,'Material Master'!$A$2:$E$201,2,FALSE),"")) | C201: =IF(A201="","",IFERROR(VLOOKUP(A201,'Material Master'!$A$2:$E$201,3,FALSE),"")) | D201: {=IF(A201="","",IFERROR(INDEX('Location Master'!$E$2:$E$502, IFERROR(MATCH(A201,'Location Master'!$G$2:$G$502,0), IFERROR(MATCH(A201&" (*",'Location Master'!$G$2:$G$502,0), MATCH(A201&"*",'Location Master'!$G$2:$G$502,0)))), ""))} | F201: =IF(OR(A201="",D201=""),"",SUMIFS('Stock Movement'!$F$2:$F$501,'Stock Movement'!$B$2:$B$501,A201,'Stock Movement'!$D$2:$D$501,D201,'Stock Movement'!$E$2:$E$501,"IN")) | G201: =IF(OR(A201="",D201=""),"",SUMIFS('Stock Movement'!$F$2:$F$501,'Stock Movement'!$B$2:$B$501,A201,'Stock Movement'!$D$2:$D$501,D201,'Stock Movement'!$E$2:$E$501,"OUT")) | H201: =IF(A201="","",E201+F201-G201) | I201: =IF(A201="","",IFERROR(VLOOKUP(A201,'Material Master'!$A$2:$E$201,4,FALSE),"")) | J201: =IF(A201="","",IFERROR(VLOOKUP(A201,'Material Master'!$A$2:$E$201,5,FALSE),"")) | K201: =IF(A201="","",IF(H201<=J201,"REORDER","OK"))
D202: {=IF(A202="","",IFERROR(INDEX('Location Master'!$E$2:$E$502, IFERROR(MATCH(A202,'Location Master'!$G$2:$G$502,0), IFERROR(MATCH(A202&" (*",'Location Master'!$G$2:$G$502,0), MATCH(A202&"*",'Location Master'!$G$2:$G$502,0)))), ""))} | F202: =IF(A202="","",SUMIFS('Stock Movement'!$F:$F,'Stock Movement'!$B:$B,A202,'Stock Movement'!$E:$E,"IN")) | G202: =IF(A202="","",SUMIFS('Stock Movement'!$F:$F,'Stock Movement'!$B:$B,A202,'Stock Movement'!$E:$E,"OUT")) | H202: =IF(A202="","",E202+F202-G202) | K202: =IF(A202="","",IF(H202<=J202,"REORDER","OK"))
D203: {=IF(A203="","",IFERROR(INDEX('Location Master'!$E$2:$E$502, IFERROR(MATCH(A203,'Location Master'!$G$2:$G$502,0), IFERROR(MATCH(A203&" (*",'Location Master'!$G$2:$G$502,0), MATCH(A203&"*",'Location Master'!$G$2:$G$502,0)))), ""))} | F203: =IF(A203="","",SUMIFS('Stock Movement'!$F:$F,'Stock Movement'!$B:$B,A203,'Stock Movement'!$E:$E,"IN")) | G203: =IF(A203="","",SUMIFS('Stock Movement'!$F:$F,'Stock Movement'!$B:$B,A203,'Stock Movement'!$E:$E,"OUT")) | H203: =IF(A203="","",E203+F203-G203) | K203: =IF(A203="","",IF(H203<=J203,"REORDER","OK"))
D204: {=IF(A204="","",IFERROR(INDEX('Location Master'!$E$2:$E$502, IFERROR(MATCH(A204,'Location Master'!$G$2:$G$502,0), IFERROR(MATCH(A204&" (*",'Location Master'!$G$2:$G$502,0), MATCH(A204&"*",'Location Master'!$G$2:$G$502,0)))), ""))} | F204: =IF(A204="","",SUMIFS('Stock Movement'!$F:$F,'Stock Movement'!$B:$B,A204,'Stock Movement'!$E:$E,"IN")) | G204: =IF(A204="","",SUMIFS('Stock Movement'!$F:$F,'Stock Movement'!$B:$B,A204,'Stock Movement'!$E:$E,"OUT")) | H204: =IF(A204="","",E204+F204-G204) | K204: =IF(A204="","",IF(H204<=J204,"REORDER","OK"))
D205: {=IF(A205="","",IFERROR(INDEX('Location Master'!$E$2:$E$502, IFERROR(MATCH(A205,'Location Master'!$G$2:$G$502,0), IFERROR(MATCH(A205&" (*",'Location Master'!$G$2:$G$502,0), MATCH(A205&"*",'Location Master'!$G$2:$G$502,0)))), ""))} | F205: =IF(A205="","",SUMIFS('Stock Movement'!$F:$F,'Stock Movement'!$B:$B,A205,'Stock Movement'!$E:$E,"IN")) | G205: =IF(A205="","",SUMIFS('Stock Movement'!$F:$F,'Stock Movement'!$B:$B,A205,'Stock Movement'!$E:$E,"OUT")) | H205: =IF(A205="","",E205+F205-G205) | K205: =IF(A205="","",IF(H205<=J205,"REORDER","OK"))
D206: {=IF(A206="","",IFERROR(INDEX('Location Master'!$E$2:$E$502, IFERROR(MATCH(A206,'Location Master'!$G$2:$G$502,0), IFERROR(MATCH(A206&" (*",'Location Master'!$G$2:$G$502,0), MATCH(A206&"*",'Location Master'!$G$2:$G$502,0)))), ""))} | F206: =IF(A206="","",SUMIFS('Stock Movement'!$F:$F,'Stock Movement'!$B:$B,A206,'Stock Movement'!$E:$E,"IN")) | G206: =IF(A206="","",SUMIFS('Stock Movement'!$F:$F,'Stock Movement'!$B:$B,A206,'Stock Movement'!$E:$E,"OUT")) | H206: =IF(A206="","",E206+F206-G206) | K206: =IF(A206="","",IF(H206<=J206,"REORDER","OK"))
D207: {=IF(A207="","",IFERROR(INDEX('Location Master'!$E$2:$E$502, IFERROR(MATCH(A207,'Location Master'!$G$2:$G$502,0), IFERROR(MATCH(A207&" (*",'Location Master'!$G$2:$G$502,0), MATCH(A207&"*",'Location Master'!$G$2:$G$502,0)))), ""))} | F207: =IF(A207="","",SUMIFS('Stock Movement'!$F:$F,'Stock Movement'!$B:$B,A207,'Stock Movement'!$E:$E,"IN")) | G207: =IF(A207="","",SUMIFS('Stock Movement'!$F:$F,'Stock Movement'!$B:$B,A207,'Stock Movement'!$E:$E,"OUT")) | H207: =IF(A207="","",E207+F207-G207) | K207: =IF(A207="","",IF(H207<=J207,"REORDER","OK"))
D208: {=IF(A208="","",IFERROR(INDEX('Location Master'!$E$2:$E$502, IFERROR(MATCH(A208,'Location Master'!$G$2:$G$502,0), IFERROR(MATCH(A208&" (*",'Location Master'!$G$2:$G$502,0), MATCH(A208&"*",'Location Master'!$G$2:$G$502,0)))), ""))} | F208: =IF(A208="","",SUMIFS('Stock Movement'!$F:$F,'Stock Movement'!$B:$B,A208,'Stock Movement'!$E:$E,"IN")) | G208: =IF(A208="","",SUMIFS('Stock Movement'!$F:$F,'Stock Movement'!$B:$B,A208,'Stock Movement'!$E:$E,"OUT")) | H208: =IF(A208="","",E208+F208-G208) | K208: =IF(A208="","",IF(H208<=J208,"REORDER","OK"))
D209: {=IF(A209="","",IFERROR(INDEX('Location Master'!$E$2:$E$502, IFERROR(MATCH(A209,'Location Master'!$G$2:$G$502,0), IFERROR(MATCH(A209&" (*",'Location Master'!$G$2:$G$502,0), MATCH(A209&"*",'Location Master'!$G$2:$G$502,0)))), ""))} | F209: =IF(A209="","",SUMIFS('Stock Movement'!$F:$F,'Stock Movement'!$B:$B,A209,'Stock Movement'!$E:$E,"IN")) | G209: =IF(A209="","",SUMIFS('Stock Movement'!$F:$F,'Stock Movement'!$B:$B,A209,'Stock Movement'!$E:$E,"OUT")) | H209: =IF(A209="","",E209+F209-G209) | K209: =IF(A209="","",IF(H209<=J209,"REORDER","OK"))
D210: {=IF(A210="","",IFERROR(INDEX('Location Master'!$E$2:$E$502, IFERROR(MATCH(A210,'Location Master'!$G$2:$G$502,0), IFERROR(MATCH(A210&" (*",'Location Master'!$G$2:$G$502,0), MATCH(A210&"*",'Location Master'!$G$2:$G$502,0)))), ""))} | F210: =IF(A210="","",SUMIFS('Stock Movement'!$F:$F,'Stock Movement'!$B:$B,A210,'Stock Movement'!$E:$E,"IN")) | G210: =IF(A210="","",SUMIFS('Stock Movement'!$F:$F,'Stock Movement'!$B:$B,A210,'Stock Movement'!$E:$E,"OUT")) | H210: =IF(A210="","",E210+F210-G210) | K210: =IF(A210="","",IF(H210<=J210,"REORDER","OK"))
D211: {=IF(A211="","",IFERROR(INDEX('Location Master'!$E$2:$E$502, IFERROR(MATCH(A211,'Location Master'!$G$2:$G$502,0), IFERROR(MATCH(A211&" (*",'Location Master'!$G$2:$G$502,0), MATCH(A211&"*",'Location Master'!$G$2:$G$502,0)))), ""))} | F211: =IF(A211="","",SUMIFS('Stock Movement'!$F:$F,'Stock Movement'!$B:$B,A211,'Stock Movement'!$E:$E,"IN")) | G211: =IF(A211="","",SUMIFS('Stock Movement'!$F:$F,'Stock Movement'!$B:$B,A211,'Stock Movement'!$E:$E,"OUT")) | H211: =IF(A211="","",E211+F211-G211) | K211: =IF(A211="","",IF(H211<=J211,"REORDER","OK"))
D212: {=IF(A212="","",IFERROR(INDEX('Location Master'!$E$2:$E$502, IFERROR(MATCH(A212,'Location Master'!$G$2:$G$502,0), IFERROR(MATCH(A212&" (*",'Location Master'!$G$2:$G$502,0), MATCH(A212&"*",'Location Master'!$G$2:$G$502,0)))), ""))} | F212: =IF(A212="","",SUMIFS('Stock Movement'!$F:$F,'Stock Movement'!$B:$B,A212,'Stock Movement'!$E:$E,"IN")) | G212: =IF(A212="","",SUMIFS('Stock Movement'!$F:$F,'Stock Movement'!$B:$B,A212,'Stock Movement'!$E:$E,"OUT")) | H212: =IF(A212="","",E212+F212-G212) | K212: =IF(A212="","",IF(H212<=J212,"REORDER","OK"))
D213: {=IF(A213="","",IFERROR(INDEX('Location Master'!$E$2:$E$502, IFERROR(MATCH(A213,'Location Master'!$G$2:$G$502,0), IFERROR(MATCH(A213&" (*",'Location Master'!$G$2:$G$502,0), MATCH(A213&"*",'Location Master'!$G$2:$G$502,0)))), ""))} | F213: =IF(A213="","",SUMIFS('Stock Movement'!$F:$F,'Stock Movement'!$B:$B,A213,'Stock Movement'!$E:$E,"IN")) | G213: =IF(A213="","",SUMIFS('Stock Movement'!$F:$F,'Stock Movement'!$B:$B,A213,'Stock Movement'!$E:$E,"OUT")) | H213: =IF(A213="","",E213+F213-G213) | K213: =IF(A213="","",IF(H213<=J213,"REORDER","OK"))
... D501: {=IF(A501="","",IFERROR(INDEX('Location Master'!$E$2:$E$502, IFERROR(MATCH(A501,'Location Master'!$G$2:$G$502,0), IFERROR(MATCH(A501&" (*",'Location Master'!$G$2:$G$502,0), MATCH(A501&"*",'Location Master'!$G$2:$G$502,0)))), ""))} | F501: =IF(A501="","",SUMIFS('Stock Movement'!$F:$F,'Stock Movement'!$B:$B,A501,'Stock Movement'!$E:$E,"IN")) | G501: =IF(A501="","",SUMIFS('Stock Movement'!$F:$F,'Stock Movement'!$B:$B,A501,'Stock Movement'!$E:$E,"OUT")) | H501: =IF(A501="","",E501+F501-G501) | K501: =IF(A501="","",IF(H501<=J501,"REORDER","OK"))

Sheet Rack Labels
A1: Location ID | B1: Material Description | C1: Category | D1: Rack | E1: Bay | F1: Level | G1: Slot | H1: Print Status
A2: =IF('Location Master'!E2="","",'Location Master'!E2) -> R01-B01-GL1-A1 | B2: {=IF(A2="","",IFERROR(INDEX(Inventory!$B$2:$B$201,MATCH(A2,Inventory!$D$2:$D$201,0)),""))} -> BUBBLE WRAP | C2: {=IF(A2="","",IFERROR(INDEX(Inventory!$C$2:$C$201,MATCH(A2,Inventory!$D$2:$D$201,0)),""))} -> PLUMBER | D2: {=IF(A2="","",IFERROR(INDEX('Location Master'!$A$2:$A$202,MATCH(A2,'Location Master'!$E$2:$E$202,0)),""))} -> R01 | E2: {=IF(A2="","",IFERROR(INDEX('Location Master'!$B$2:$B$202,MATCH(A2,'Location Master'!$E$2:$E$202,0)),""))} -> 1 | F2: {=IF(A2="","",IFERROR(INDEX('Location Master'!$C$2:$C$202,MATCH(A2,'Location Master'!$E$2:$E$202,0)),""))} -> GL1 | G2: {=IF(A2="","",IFERROR(INDEX('Location Master'!$D$2:$D$202,MATCH(A2,'Location Master'!$E$2:$E$202,0)),""))} -> A1 | H2: READY
A3: =IF('Location Master'!E4="","",'Location Master'!E4) -> R01-B01-GL1-B | B3: {=IF(A3="","",IFERROR(INDEX(Inventory!$B$2:$B$201,MATCH(A3,Inventory!$D$2:$D$201,0)),""))} -> CANDLE_LUGNARE_SCNTD | C3: {=IF(A3="","",IFERROR(INDEX(Inventory!$C$2:$C$201,MATCH(A3,Inventory!$D$2:$D$201,0)),""))} -> DECOR | D3: {=IF(A3="","",IFERROR(INDEX('Location Master'!$A$2:$A$202,MATCH(A3,'Location Master'!$E$2:$E$202,0)),""))} -> R01 | E3: {=IF(A3="","",IFERROR(INDEX('Location Master'!$B$2:$B$202,MATCH(A3,'Location Master'!$E$2:$E$202,0)),""))} -> 1 | F3: {=IF(A3="","",IFERROR(INDEX('Location Master'!$C$2:$C$202,MATCH(A3,'Location Master'!$E$2:$E$202,0)),""))} -> GL1 | G3: {=IF(A3="","",IFERROR(INDEX('Location Master'!$D$2:$D$202,MATCH(A3,'Location Master'!$E$2:$E$202,0)),""))} -> B | H3: READY
A4: =IF('Location Master'!E5="","",'Location Master'!E5) -> R01-B01-GL2-A | B4: {=IF(A4="","",IFERROR(INDEX(Inventory!$B$2:$B$201,MATCH(A4,Inventory!$D$2:$D$201,0)),""))} -> EXTRA MCB | C4: {=IF(A4="","",IFERROR(INDEX(Inventory!$C$2:$C$201,MATCH(A4,Inventory!$D$2:$D$201,0)),""))} -> ELECTRIC | D4: {=IF(A4="","",IFERROR(INDEX('Location Master'!$A$2:$A$202,MATCH(A4,'Location Master'!$E$2:$E$202,0)),""))} -> R01 | E4: {=IF(A4="","",IFERROR(INDEX('Location Master'!$B$2:$B$202,MATCH(A4,'Location Master'!$E$2:$E$202,0)),""))} -> 1 | F4: {=IF(A4="","",IFERROR(INDEX('Location Master'!$C$2:$C$202,MATCH(A4,'Location Master'!$E$2:$E$202,0)),""))} -> GL2 | G4: {=IF(A4="","",IFERROR(INDEX('Location Master'!$D$2:$D$202,MATCH(A4,'Location Master'!$E$2:$E$202,0)),""))} -> A | H4: READY
A5: =IF('Location Master'!E6="","",'Location Master'!E6) -> R01-B01-GL2-B | B5: {=IF(A5="","",IFERROR(INDEX(Inventory!$B$2:$B$201,MATCH(A5,Inventory!$D$2:$D$201,0)),""))} -> FOSSIAL | C5: {=IF(A5="","",IFERROR(INDEX(Inventory!$C$2:$C$201,MATCH(A5,Inventory!$D$2:$D$201,0)),""))} -> CIVIL | D5: {=IF(A5="","",IFERROR(INDEX('Location Master'!$A$2:$A$202,MATCH(A5,'Location Master'!$E$2:$E$202,0)),""))} -> R01 | E5: {=IF(A5="","",IFERROR(INDEX('Location Master'!$B$2:$B$202,MATCH(A5,'Location Master'!$E$2:$E$202,0)),""))} -> 1 | F5: {=IF(A5="","",IFERROR(INDEX('Location Master'!$C$2:$C$202,MATCH(A5,'Location Master'!$E$2:$E$202,0)),""))} -> GL2 | G5: {=IF(A5="","",IFERROR(INDEX('Location Master'!$D$2:$D$202,MATCH(A5,'Location Master'!$E$2:$E$202,0)),""))} -> B | H5: READY
A6: =IF('Location Master'!E7="","",'Location Master'!E7) -> R01-B02-GL1-A | B6: {=IF(A6="","",IFERROR(INDEX(Inventory!$B$2:$B$201,MATCH(A6,Inventory!$D$2:$D$201,0)),""))} -> GRANITE_ AVALANCHE | C6: {=IF(A6="","",IFERROR(INDEX(Inventory!$C$2:$C$201,MATCH(A6,Inventory!$D$2:$D$201,0)),""))} -> CIVIL | D6: {=IF(A6="","",IFERROR(INDEX('Location Master'!$A$2:$A$202,MATCH(A6,'Location Master'!$E$2:$E$202,0)),""))} -> R01 | E6: {=IF(A6="","",IFERROR(INDEX('Location Master'!$B$2:$B$202,MATCH(A6,'Location Master'!$E$2:$E$202,0)),""))} -> 2 | F6: {=IF(A6="","",IFERROR(INDEX('Location Master'!$C$2:$C$202,MATCH(A6,'Location Master'!$E$2:$E$202,0)),""))} -> GL1 | G6: {=IF(A6="","",IFERROR(INDEX('Location Master'!$D$2:$D$202,MATCH(A6,'Location Master'!$E$2:$E$202,0)),""))} -> A | H6: READY
A7: =IF('Location Master'!E8="","",'Location Master'!E8) -> R01-B02-GL2-A | B7: {=IF(A7="","",IFERROR(INDEX(Inventory!$B$2:$B$201,MATCH(A7,Inventory!$D$2:$D$201,0)),""))} -> SCREW_SELF THREAD_25X6 | C7: {=IF(A7="","",IFERROR(INDEX(Inventory!$C$2:$C$201,MATCH(A7,Inventory!$D$2:$D$201,0)),""))} -> ELECTRIC | D7: {=IF(A7="","",IFERROR(INDEX('Location Master'!$A$2:$A$202,MATCH(A7,'Location Master'!$E$2:$E$202,0)),""))} -> R01 | E7: {=IF(A7="","",IFERROR(INDEX('Location Master'!$B$2:$B$202,MATCH(A7,'Location Master'!$E$2:$E$202,0)),""))} -> 2 | F7: {=IF(A7="","",IFERROR(INDEX('Location Master'!$C$2:$C$202,MATCH(A7,'Location Master'!$E$2:$E$202,0)),""))} -> GL2 | G7: {=IF(A7="","",IFERROR(INDEX('Location Master'!$D$2:$D$202,MATCH(A7,'Location Master'!$E$2:$E$202,0)),""))} -> A | H7: READY
A8: =IF('Location Master'!E9="","",'Location Master'!E9) -> R01-B02-GL2-B | B8: {=IF(A8="","",IFERROR(INDEX(Inventory!$B$2:$B$201,MATCH(A8,Inventory!$D$2:$D$201,0)),""))} -> SLUE PIPE_20MM | C8: {=IF(A8="","",IFERROR(INDEX(Inventory!$C$2:$C$201,MATCH(A8,Inventory!$D$2:$D$201,0)),""))} -> AC | D8: {=IF(A8="","",IFERROR(INDEX('Location Master'!$A$2:$A$202,MATCH(A8,'Location Master'!$E$2:$E$202,0)),""))} -> R01 | E8: {=IF(A8="","",IFERROR(INDEX('Location Master'!$B$2:$B$202,MATCH(A8,'Location Master'!$E$2:$E$202,0)),""))} -> 2 | F8: {=IF(A8="","",IFERROR(INDEX('Location Master'!$C$2:$C$202,MATCH(A8,'Location Master'!$E$2:$E$202,0)),""))} -> GL2 | G8: {=IF(A8="","",IFERROR(INDEX('Location Master'!$D$2:$D$202,MATCH(A8,'Location Master'!$E$2:$E$202,0)),""))} -> B | H8: READY
A9: =IF('Location Master'!E10="","",'Location Master'!E10) -> R01-B01-GL3-A | B9: {=IF(A9="","",IFERROR(INDEX(Inventory!$B$2:$B$201,MATCH(A9,Inventory!$D$2:$D$201,0)),""))} -> 2*10 WIRE NAIL | C9: {=IF(A9="","",IFERROR(INDEX(Inventory!$C$2:$C$201,MATCH(A9,Inventory!$D$2:$D$201,0)),""))} -> FURNISHING | D9: {=IF(A9="","",IFERROR(INDEX('Location Master'!$A$2:$A$202,MATCH(A9,'Location Master'!$E$2:$E$202,0)),""))} -> R01 | E9: {=IF(A9="","",IFERROR(INDEX('Location Master'!$B$2:$B$202,MATCH(A9,'Location Master'!$E$2:$E$202,0)),""))} -> 1 | F9: {=IF(A9="","",IFERROR(INDEX('Location Master'!$C$2:$C$202,MATCH(A9,'Location Master'!$E$2:$E$202,0)),""))} -> GL3 | G9: {=IF(A9="","",IFERROR(INDEX('Location Master'!$D$2:$D$202,MATCH(A9,'Location Master'!$E$2:$E$202,0)),""))} -> A | H9: READY
A10: =IF('Location Master'!E11="","",'Location Master'!E11) -> R01-B01-GL3-B | B10: {=IF(A10="","",IFERROR(INDEX(Inventory!$B$2:$B$201,MATCH(A10,Inventory!$D$2:$D$201,0)),""))} | C10: {=IF(A10="","",IFERROR(INDEX(Inventory!$C$2:$C$201,MATCH(A10,Inventory!$D$2:$D$201,0)),""))} | D10: {=IF(A10="","",IFERROR(INDEX('Location Master'!$A$2:$A$202,MATCH(A10,'Location Master'!$E$2:$E$202,0)),""))} -> R01 | E10: {=IF(A10="","",IFERROR(INDEX('Location Master'!$B$2:$B$202,MATCH(A10,'Location Master'!$E$2:$E$202,0)),""))} -> 1 | F10: {=IF(A10="","",IFERROR(INDEX('Location Master'!$C$2:$C$202,MATCH(A10,'Location Master'!$E$2:$E$202,0)),""))} -> GL3 | G10: {=IF(A10="","",IFERROR(INDEX('Location Master'!$D$2:$D$202,MATCH(A10,'Location Master'!$E$2:$E$202,0)),""))} -> B | H10: PENDING
A11: =IF('Location Master'!E12="","",'Location Master'!E12) -> R01-B02-GL1-B | B11: {=IF(A11="","",IFERROR(INDEX(Inventory!$B$2:$B$201,MATCH(A11,Inventory!$D$2:$D$201,0)),""))} | C11: {=IF(A11="","",IFERROR(INDEX(Inventory!$C$2:$C$201,MATCH(A11,Inventory!$D$2:$D$201,0)),""))} | D11: {=IF(A11="","",IFERROR(INDEX('Location Master'!$A$2:$A$202,MATCH(A11,'Location Master'!$E$2:$E$202,0)),""))} -> R01 | E11: {=IF(A11="","",IFERROR(INDEX('Location Master'!$B$2:$B$202,MATCH(A11,'Location Master'!$E$2:$E$202,0)),""))} -> 2 | F11: {=IF(A11="","",IFERROR(INDEX('Location Master'!$C$2:$C$202,MATCH(A11,'Location Master'!$E$2:$E$202,0)),""))} -> GL1 | G11: {=IF(A11="","",IFERROR(INDEX('Location Master'!$D$2:$D$202,MATCH(A11,'Location Master'!$E$2:$E$202,0)),""))} -> B | H11: PENDING
A12: =IF('Location Master'!E13="","",'Location Master'!E13) -> R01-B02-GL3-A | B12: {=IF(A12="","",IFERROR(INDEX(Inventory!$B$2:$B$201,MATCH(A12,Inventory!$D$2:$D$201,0)),""))} | C12: {=IF(A12="","",IFERROR(INDEX(Inventory!$C$2:$C$201,MATCH(A12,Inventory!$D$2:$D$201,0)),""))} | D12: {=IF(A12="","",IFERROR(INDEX('Location Master'!$A$2:$A$202,MATCH(A12,'Location Master'!$E$2:$E$202,0)),""))} -> R01 | E12: {=IF(A12="","",IFERROR(INDEX('Location Master'!$B$2:$B$202,MATCH(A12,'Location Master'!$E$2:$E$202,0)),""))} -> 2 | F12: {=IF(A12="","",IFERROR(INDEX('Location Master'!$C$2:$C$202,MATCH(A12,'Location Master'!$E$2:$E$202,0)),""))} -> GL3 | G12: {=IF(A12="","",IFERROR(INDEX('Location Master'!$D$2:$D$202,MATCH(A12,'Location Master'!$E$2:$E$202,0)),""))} -> A | H12: PENDING
A13: =IF('Location Master'!E14="","",'Location Master'!E14) -> R02-B02-GL1-A | B13: {=IF(A13="","",IFERROR(INDEX(Inventory!$B$2:$B$201,MATCH(A13,Inventory!$D$2:$D$201,0)),""))} | C13: {=IF(A13="","",IFERROR(INDEX(Inventory!$C$2:$C$201,MATCH(A13,Inventory!$D$2:$D$201,0)),""))} | D13: {=IF(A13="","",IFERROR(INDEX('Location Master'!$A$2:$A$202,MATCH(A13,'Location Master'!$E$2:$E$202,0)),""))} -> R02 | E13: {=IF(A13="","",IFERROR(INDEX('Location Master'!$B$2:$B$202,MATCH(A13,'Location Master'!$E$2:$E$202,0)),""))} -> 2 | F13: {=IF(A13="","",IFERROR(INDEX('Location Master'!$C$2:$C$202,MATCH(A13,'Location Master'!$E$2:$E$202,0)),""))} -> GL1 | G13: {=IF(A13="","",IFERROR(INDEX('Location Master'!$D$2:$D$202,MATCH(A13,'Location Master'!$E$2:$E$202,0)),""))} -> A
A14: =IF('Location Master'!E15="","",'Location Master'!E15) -> R01-B01-GL1-A3 | B14: {=IF(A14="","",IFERROR(INDEX(Inventory!$B$2:$B$201,MATCH(A14,Inventory!$D$2:$D$201,0)),""))} | C14: {=IF(A14="","",IFERROR(INDEX(Inventory!$C$2:$C$201,MATCH(A14,Inventory!$D$2:$D$201,0)),""))} | D14: {=IF(A14="","",IFERROR(INDEX('Location Master'!$A$2:$A$202,MATCH(A14,'Location Master'!$E$2:$E$202,0)),""))} -> R01 | E14: {=IF(A14="","",IFERROR(INDEX('Location Master'!$B$2:$B$202,MATCH(A14,'Location Master'!$E$2:$E$202,0)),""))} -> 1 | F14: {=IF(A14="","",IFERROR(INDEX('Location Master'!$C$2:$C$202,MATCH(A14,'Location Master'!$E$2:$E$202,0)),""))} -> GL1 | G14: {=IF(A14="","",IFERROR(INDEX('Location Master'!$D$2:$D$202,MATCH(A14,'Location Master'!$E$2:$E$202,0)),""))} -> A3
A15: =IF('Location Master'!E16="","",'Location Master'!E16) | B15: {=IF(A15="","",IFERROR(INDEX(Inventory!$B$2:$B$201,MATCH(A15,Inventory!$D$2:$D$201,0)),""))} | C15: {=IF(A15="","",IFERROR(INDEX(Inventory!$C$2:$C$201,MATCH(A15,Inventory!$D$2:$D$201,0)),""))} | D15: {=IF(A15="","",IFERROR(INDEX('Location Master'!$A$2:$A$202,MATCH(A15,'Location Master'!$E$2:$E$202,0)),""))} | E15: {=IF(A15="","",IFERROR(INDEX('Location Master'!$B$2:$B$202,MATCH(A15,'Location Master'!$E$2:$E$202,0)),""))} | F15: {=IF(A15="","",IFERROR(INDEX('Location Master'!$C$2:$C$202,MATCH(A15,'Location Master'!$E$2:$E$202,0)),""))} | G15: {=IF(A15="","",IFERROR(INDEX('Location Master'!$D$2:$D$202,MATCH(A15,'Location Master'!$E$2:$E$202,0)),""))}
A16: =IF('Location Master'!E17="","",'Location Master'!E17) | B16: {=IF(A16="","",IFERROR(INDEX(Inventory!$B$2:$B$201,MATCH(A16,Inventory!$D$2:$D$201,0)),""))} | C16: {=IF(A16="","",IFERROR(INDEX(Inventory!$C$2:$C$201,MATCH(A16,Inventory!$D$2:$D$201,0)),""))} | D16: {=IF(A16="","",IFERROR(INDEX('Location Master'!$A$2:$A$202,MATCH(A16,'Location Master'!$E$2:$E$202,0)),""))} | E16: {=IF(A16="","",IFERROR(INDEX('Location Master'!$B$2:$B$202,MATCH(A16,'Location Master'!$E$2:$E$202,0)),""))} | F16: {=IF(A16="","",IFERROR(INDEX('Location Master'!$C$2:$C$202,MATCH(A16,'Location Master'!$E$2:$E$202,0)),""))} | G16: {=IF(A16="","",IFERROR(INDEX('Location Master'!$D$2:$D$202,MATCH(A16,'Location Master'!$E$2:$E$202,0)),""))}
A17: =IF('Location Master'!E18="","",'Location Master'!E18) | B17: {=IF(A17="","",IFERROR(INDEX(Inventory!$B$2:$B$201,MATCH(A17,Inventory!$D$2:$D$201,0)),""))} | C17: {=IF(A17="","",IFERROR(INDEX(Inventory!$C$2:$C$201,MATCH(A17,Inventory!$D$2:$D$201,0)),""))} | D17: {=IF(A17="","",IFERROR(INDEX('Location Master'!$A$2:$A$202,MATCH(A17,'Location Master'!$E$2:$E$202,0)),""))} | E17: {=IF(A17="","",IFERROR(INDEX('Location Master'!$B$2:$B$202,MATCH(A17,'Location Master'!$E$2:$E$202,0)),""))} | F17: {=IF(A17="","",IFERROR(INDEX('Location Master'!$C$2:$C$202,MATCH(A17,'Location Master'!$E$2:$E$202,0)),""))} | G17: {=IF(A17="","",IFERROR(INDEX('Location Master'!$D$2:$D$202,MATCH(A17,'Location Master'!$E$2:$E$202,0)),""))}
A18: =IF('Location Master'!E19="","",'Location Master'!E19) | B18: {=IF(A18="","",IFERROR(INDEX(Inventory!$B$2:$B$201,MATCH(A18,Inventory!$D$2:$D$201,0)),""))} | C18: {=IF(A18="","",IFERROR(INDEX(Inventory!$C$2:$C$201,MATCH(A18,Inventory!$D$2:$D$201,0)),""))} | D18: {=IF(A18="","",IFERROR(INDEX('Location Master'!$A$2:$A$202,MATCH(A18,'Location Master'!$E$2:$E$202,0)),""))} | E18: {=IF(A18="","",IFERROR(INDEX('Location Master'!$B$2:$B$202,MATCH(A18,'Location Master'!$E$2:$E$202,0)),""))} | F18: {=IF(A18="","",IFERROR(INDEX('Location Master'!$C$2:$C$202,MATCH(A18,'Location Master'!$E$2:$E$202,0)),""))} | G18: {=IF(A18="","",IFERROR(INDEX('Location Master'!$D$2:$D$202,MATCH(A18,'Location Master'!$E$2:$E$202,0)),""))}
A19: =IF('Location Master'!E20="","",'Location Master'!E20) | B19: {=IF(A19="","",IFERROR(INDEX(Inventory!$B$2:$B$201,MATCH(A19,Inventory!$D$2:$D$201,0)),""))} | C19: {=IF(A19="","",IFERROR(INDEX(Inventory!$C$2:$C$201,MATCH(A19,Inventory!$D$2:$D$201,0)),""))} | D19: {=IF(A19="","",IFERROR(INDEX('Location Master'!$A$2:$A$202,MATCH(A19,'Location Master'!$E$2:$E$202,0)),""))} | E19: {=IF(A19="","",IFERROR(INDEX('Location Master'!$B$2:$B$202,MATCH(A19,'Location Master'!$E$2:$E$202,0)),""))} | F19: {=IF(A19="","",IFERROR(INDEX('Location Master'!$C$2:$C$202,MATCH(A19,'Location Master'!$E$2:$E$202,0)),""))} | G19: {=IF(A19="","",IFERROR(INDEX('Location Master'!$D$2:$D$202,MATCH(A19,'Location Master'!$E$2:$E$202,0)),""))}
A20: =IF('Location Master'!E21="","",'Location Master'!E21) | B20: {=IF(A20="","",IFERROR(INDEX(Inventory!$B$2:$B$201,MATCH(A20,Inventory!$D$2:$D$201,0)),""))} | C20: {=IF(A20="","",IFERROR(INDEX(Inventory!$C$2:$C$201,MATCH(A20,Inventory!$D$2:$D$201,0)),""))} | D20: {=IF(A20="","",IFERROR(INDEX('Location Master'!$A$2:$A$202,MATCH(A20,'Location Master'!$E$2:$E$202,0)),""))} | E20: {=IF(A20="","",IFERROR(INDEX('Location Master'!$B$2:$B$202,MATCH(A20,'Location Master'!$E$2:$E$202,0)),""))} | F20: {=IF(A20="","",IFERROR(INDEX('Location Master'!$C$2:$C$202,MATCH(A20,'Location Master'!$E$2:$E$202,0)),""))} | G20: {=IF(A20="","",IFERROR(INDEX('Location Master'!$D$2:$D$202,MATCH(A20,'Location Master'!$E$2:$E$202,0)),""))}
A21: =IF('Location Master'!E22="","",'Location Master'!E22) | B21: {=IF(A21="","",IFERROR(INDEX(Inventory!$B$2:$B$201,MATCH(A21,Inventory!$D$2:$D$201,0)),""))} | C21: {=IF(A21="","",IFERROR(INDEX(Inventory!$C$2:$C$201,MATCH(A21,Inventory!$D$2:$D$201,0)),""))} | D21: {=IF(A21="","",IFERROR(INDEX('Location Master'!$A$2:$A$202,MATCH(A21,'Location Master'!$E$2:$E$202,0)),""))} | E21: {=IF(A21="","",IFERROR(INDEX('Location Master'!$B$2:$B$202,MATCH(A21,'Location Master'!$E$2:$E$202,0)),""))} | F21: {=IF(A21="","",IFERROR(INDEX('Location Master'!$C$2:$C$202,MATCH(A21,'Location Master'!$E$2:$E$202,0)),""))} | G21: {=IF(A21="","",IFERROR(INDEX('Location Master'!$D$2:$D$202,MATCH(A21,'Location Master'!$E$2:$E$202,0)),""))}
A22: =IF('Location Master'!E23="","",'Location Master'!E23) | B22: {=IF(A22="","",IFERROR(INDEX(Inventory!$B$2:$B$201,MATCH(A22,Inventory!$D$2:$D$201,0)),""))} | C22: {=IF(A22="","",IFERROR(INDEX(Inventory!$C$2:$C$201,MATCH(A22,Inventory!$D$2:$D$201,0)),""))} | D22: {=IF(A22="","",IFERROR(INDEX('Location Master'!$A$2:$A$202,MATCH(A22,'Location Master'!$E$2:$E$202,0)),""))} | E22: {=IF(A22="","",IFERROR(INDEX('Location Master'!$B$2:$B$202,MATCH(A22,'Location Master'!$E$2:$E$202,0)),""))} | F22: {=IF(A22="","",IFERROR(INDEX('Location Master'!$C$2:$C$202,MATCH(A22,'Location Master'!$E$2:$E$202,0)),""))} | G22: {=IF(A22="","",IFERROR(INDEX('Location Master'!$D$2:$D$202,MATCH(A22,'Location Master'!$E$2:$E$202,0)),""))}
A23: =IF('Location Master'!E24="","",'Location Master'!E24) | B23: {=IF(A23="","",IFERROR(INDEX(Inventory!$B$2:$B$201,MATCH(A23,Inventory!$D$2:$D$201,0)),""))} | C23: {=IF(A23="","",IFERROR(INDEX(Inventory!$C$2:$C$201,MATCH(A23,Inventory!$D$2:$D$201,0)),""))} | D23: {=IF(A23="","",IFERROR(INDEX('Location Master'!$A$2:$A$202,MATCH(A23,'Location Master'!$E$2:$E$202,0)),""))} | E23: {=IF(A23="","",IFERROR(INDEX('Location Master'!$B$2:$B$202,MATCH(A23,'Location Master'!$E$2:$E$202,0)),""))} | F23: {=IF(A23="","",IFERROR(INDEX('Location Master'!$C$2:$C$202,MATCH(A23,'Location Master'!$E$2:$E$202,0)),""))} | G23: {=IF(A23="","",IFERROR(INDEX('Location Master'!$D$2:$D$202,MATCH(A23,'Location Master'!$E$2:$E$202,0)),""))}
A24: =IF('Location Master'!E25="","",'Location Master'!E25) | B24: {=IF(A24="","",IFERROR(INDEX(Inventory!$B$2:$B$201,MATCH(A24,Inventory!$D$2:$D$201,0)),""))} | C24: {=IF(A24="","",IFERROR(INDEX(Inventory!$C$2:$C$201,MATCH(A24,Inventory!$D$2:$D$201,0)),""))} | D24: {=IF(A24="","",IFERROR(INDEX('Location Master'!$A$2:$A$202,MATCH(A24,'Location Master'!$E$2:$E$202,0)),""))} | E24: {=IF(A24="","",IFERROR(INDEX('Location Master'!$B$2:$B$202,MATCH(A24,'Location Master'!$E$2:$E$202,0)),""))} | F24: {=IF(A24="","",IFERROR(INDEX('Location Master'!$C$2:$C$202,MATCH(A24,'Location Master'!$E$2:$E$202,0)),""))} | G24: {=IF(A24="","",IFERROR(INDEX('Location Master'!$D$2:$D$202,MATCH(A24,'Location Master'!$E$2:$E$202,0)),""))}
... A201: =IF('Location Master'!E202="","",'Location Master'!E202) | B201: {=IF(A201="","",IFERROR(INDEX(Inventory!$B$2:$B$201,MATCH(A201,Inventory!$D$2:$D$201,0)),""))} | C201: {=IF(A201="","",IFERROR(INDEX(Inventory!$C$2:$C$201,MATCH(A201,Inventory!$D$2:$D$201,0)),""))} | D201: {=IF(A201="","",IFERROR(INDEX('Location Master'!$A$2:$A$202,MATCH(A201,'Location Master'!$E$2:$E$202,0)),""))} | E201: {=IF(A201="","",IFERROR(INDEX('Location Master'!$B$2:$B$202,MATCH(A201,'Location Master'!$E$2:$E$202,0)),""))} | F201: {=IF(A201="","",IFERROR(INDEX('Location Master'!$C$2:$C$202,MATCH(A201,'Location Master'!$E$2:$E$202,0)),""))} | G201: {=IF(A201="","",IFERROR(INDEX('Location Master'!$D$2:$D$202,MATCH(A201,'Location Master'!$E$2:$E$202,0)),""))}
A202: =IF('Location Master'!E203="","",'Location Master'!E203) | B202: =IF(A202="","",'Location Master'!H203) | C202: =IF(A202="","",'Location Master'!I203) | D202: =IF(A202="","",'Location Master'!A203) | E202: =IF(A202="","",'Location Master'!B203) | F202: =IF(A202="","",'Location Master'!C203) | G202: =IF(A202="","",'Location Master'!D203)
A203: =IF('Location Master'!E204="","",'Location Master'!E204) | B203: =IF(A203="","",'Location Master'!H204) | C203: =IF(A203="","",'Location Master'!I204) | D203: =IF(A203="","",'Location Master'!A204) | E203: =IF(A203="","",'Location Master'!B204) | F203: =IF(A203="","",'Location Master'!C204) | G203: =IF(A203="","",'Location Master'!D204)
A204: =IF('Location Master'!E205="","",'Location Master'!E205) | B204: =IF(A204="","",'Location Master'!H205) | C204: =IF(A204="","",'Location Master'!I205) | D204: =IF(A204="","",'Location Master'!A205) | E204: =IF(A204="","",'Location Master'!B205) | F204: =IF(A204="","",'Location Master'!C205) | G204: =IF(A204="","",'Location Master'!D205)
A205: =IF('Location Master'!E206="","",'Location Master'!E206) | B205: =IF(A205="","",'Location Master'!H206) | C205: =IF(A205="","",'Location Master'!I206) | D205: =IF(A205="","",'Location Master'!A206) | E205: =IF(A205="","",'Location Master'!B206) | F205: =IF(A205="","",'Location Master'!C206) | G205: =IF(A205="","",'Location Master'!D206)
A206: =IF('Location Master'!E207="","",'Location Master'!E207) | B206: =IF(A206="","",'Location Master'!H207) | C206: =IF(A206="","",'Location Master'!I207) | D206: =IF(A206="","",'Location Master'!A207) | E206: =IF(A206="","",'Location Master'!B207) | F206: =IF(A206="","",'Location Master'!C207) | G206: =IF(A206="","",'Location Master'!D207)
A207: =IF('Location Master'!E208="","",'Location Master'!E208) | B207: =IF(A207="","",'Location Master'!H208) | C207: =IF(A207="","",'Location Master'!I208) | D207: =IF(A207="","",'Location Master'!A208) | E207: =IF(A207="","",'Location Master'!B208) | F207: =IF(A207="","",'Location Master'!C208) | G207: =IF(A207="","",'Location Master'!D208)
A208: =IF('Location Master'!E209="","",'Location Master'!E209) | B208: =IF(A208="","",'Location Master'!H209) | C208: =IF(A208="","",'Location Master'!I209) | D208: =IF(A208="","",'Location Master'!A209) | E208: =IF(A208="","",'Location Master'!B209) | F208: =IF(A208="","",'Location Master'!C209) | G208: =IF(A208="","",'Location Master'!D209)
A209: =IF('Location Master'!E210="","",'Location Master'!E210) | B209: =IF(A209="","",'Location Master'!H210) | C209: =IF(A209="","",'Location Master'!I210) | D209: =IF(A209="","",'Location Master'!A210) | E209: =IF(A209="","",'Location Master'!B210) | F209: =IF(A209="","",'Location Master'!C210) | G209: =IF(A209="","",'Location Master'!D210)
A210: =IF('Location Master'!E211="","",'Location Master'!E211) | B210: =IF(A210="","",'Location Master'!H211) | C210: =IF(A210="","",'Location Master'!I211) | D210: =IF(A210="","",'Location Master'!A211) | E210: =IF(A210="","",'Location Master'!B211) | F210: =IF(A210="","",'Location Master'!C211) | G210: =IF(A210="","",'Location Master'!D211)
A211: =IF('Location Master'!E212="","",'Location Master'!E212) | B211: =IF(A211="","",'Location Master'!H212) | C211: =IF(A211="","",'Location Master'!I212) | D211: =IF(A211="","",'Location Master'!A212) | E211: =IF(A211="","",'Location Master'!B212) | F211: =IF(A211="","",'Location Master'!C212) | G211: =IF(A211="","",'Location Master'!D212)
A212: =IF('Location Master'!E213="","",'Location Master'!E213) | B212: =IF(A212="","",'Location Master'!H213) | C212: =IF(A212="","",'Location Master'!I213) | D212: =IF(A212="","",'Location Master'!A213) | E212: =IF(A212="","",'Location Master'!B213) | F212: =IF(A212="","",'Location Master'!C213) | G212: =IF(A212="","",'Location Master'!D213)
A213: =IF('Location Master'!E214="","",'Location Master'!E214) | B213: =IF(A213="","",'Location Master'!H214) | C213: =IF(A213="","",'Location Master'!I214) | D213: =IF(A213="","",'Location Master'!A214) | E213: =IF(A213="","",'Location Master'!B214) | F213: =IF(A213="","",'Location Master'!C214) | G213: =IF(A213="","",'Location Master'!D214)
... A501: =IF('Location Master'!E502="","",'Location Master'!E502) | B501: =IF(A501="","",'Location Master'!H502) | C501: =IF(A501="","",'Location Master'!I502) | D501: =IF(A501="","",'Location Master'!A502) | E501: =IF(A501="","",'Location Master'!B502) | F501: =IF(A501="","",'Location Master'!C502) | G501: =IF(A501="","",'Location Master'!D502)

Sheet Safety & Rules
A1: Topic | B1: Source-Derived Rule / Guidance
A2: Location structure | B2: [Rack]-[Bay]-[Level]-[Slot]; source example RA-B01-GL1-A.
A3: Bay numbering | B3: Use leading zeros: B01, B02, B03 ... to avoid spreadsheet sorting problems.
A4: Levels | B4: GL1 = floor; GL2 = ground/accessible level; SL3 = lower stilt; SL4 = upper stilt, as proposed in source.
A5: Heavy materials | B5: Source proposes GL1 for heavy marble/stone/tile and warns to verify rack capacity.
A6: Wood | B6: Store wood horizontally/flat and in a humidity-controlled/dry area to reduce warping.
A7: Glass | B7: Use vertical A-frame or padded vertical dividers; source flags glass as fragile.
A8: Chemicals | B8: Keep industrial cleaning chemicals separated from clean linens/skin-care products; source recommends a dedicated rack section.
A9: Spill containment | B9: Use suitable bins or decking liners for liquid oils/muds where applicable.
A10: FIFO | B10: Use First-In, First-Out for products with shelf-life/expiry concerns and record batch dates where relevant.
A11: Tiles | B11: Source recommends recording batch/lot and color run to avoid mixing visibly different production batches.
A12: Crates / large items | B12: Keep front aisle termination zones clear for forklift turning when handling oversized crates, as proposed in source.
... A15: Verification | B15: The source does not provide exact rack capacities, exact bay counts, exact slot counts, or confirmed side codes; these must be verified from the actual blueprint/warehouse.

Sheet Source Mapping
A1: Source Topic | B1: What the shared AI conversation establishes | C1: Use in workbook | D1: Verification Needed?
A2: Rack organization | B2: RA / RB1-RB5 / A2 naming was proposed for physical rack rows. | C2: Rack Master | D2: Yes – verify actual physical rows and A2 naming.
A3: Location code | B3: Four-part address: Rack – Bay – Level – Slot; example RA-B01-GL1-A. | C3: Location Master | D3: Yes – verify actual bay/slot structure.
A4: Levels | B4: GL1, GL2, SL3, SL4 were proposed. | C4: Location Master / Safety & Rules | D4: Yes – confirm physical level names.
A5: Slots | B5: A, B, C were proposed as left-to-right positions. | C5: Location Master | D5: Yes – confirm actual number of positions.
A6: Materials | B6: WET, TLE, WOD, PLM, GLS, LGT, FUR categories and examples were listed. | C6: Material Master | D6: No for category list; exact stock must be entered from actual inventory.
A7: Google Sheets | B7: The source explicitly selected Excel / Google Sheets as the management format. | C7: Workbook structure | D7: No.
A8: Formula | B8: Formula uses A, B, C, D fields and TEXT(B,00) to generate Location ID. | C8: Location Master | D8: No; formula is implemented with blank-safe IF wrapper.
A9: Bay counts | B9: The source asked for longest-row bay count, but the answer was skipped. | C9: Rack Master | D9: YES – required before generating complete locations.
A10: Back-to-back side codes | B10: The source asked whether side codes were required, but the answer was skipped. | C10: Rack Master / Location Master | D10: YES – required if the same rack frame has separately managed faces.
A11: Blueprint dimensions | B11: Source mentions 17,300 mm width, 4,400 mm height and 18,000 mm depth in section descriptions. | C11: Reference only | D11: Yes – verify against actual drawing before engineering decisions.

Sheet Data Dictionary
A1: Field | B1: Meaning | C1: Example / Allowed Values | D1: Required?
A2: Rack | B2: Physical rack row identifier. | C2: RA, RB1... / A2 (source-supported but verify) | D2: Yes for a location
A3: Bay | B3: Vertical bay section number along the rack. | C3: 1, 2, 3... stored as number; displayed in ID as 01, 02... | D3: Yes for a location
A4: Level | B4: Vertical storage level. | C4: GL1, GL2, SL3, SL4 | D4: Yes for a location
A5: Slot | B5: Horizontal position within a level. | C5: A, B, C | D5: Yes if slots are used
A6: Location ID | B6: Unique physical address generated by formula. | C6: RA-B01-GL1-A | D6: Formula
A7: Material ID | B7: Unique material/item identifier. | C7: Company-defined; not supplied by source | D7: Yes for inventory
A8: Category | B8: Material zone/category. | C8: WET, TLE, WOD, PLM, GLS, LGT, FUR | D8: Recommended
A9: Quantity | B9: Current or transaction quantity. | C9: Actual warehouse quantity | D9: Yes for stock tracking
A10: Batch/Lot | B10: Manufacturer/production batch reference. | C10: Actual batch/lot | D10: Where relevant
A11: Status | B11: Location or stock state. | C11: Available, Occupied, Blocked, Maintenance, Reserved | D11: Recommended

Sheet Conversion Reference
A1: Section | B1: Source-derived content to use / understand | C1: Operational use | D1: Do not assume without verification
A2: Original plan view | B2: The source describes six passages, P1–P6, with Rack A on the perimeter and Rack B structures in the central bays. | C2: Use the blueprint to verify physical rack rows and access sides. | D2: Exact rack/bay count and final naming must be verified from the actual drawing.
A3: Original rack types | B3: Rack A: single/double-entry perimeter locations; Rack B: back-to-back central rack structures; AH/BH: special end-of-row positions near the handrail boundary. | C3: Use these as structural concepts when mapping the physical warehouse. | D3: Do not convert AH/BH into normal inventory locations unless the physical layout confirms they are storage positions.
A4: Section X-X | B4: Source describes blue upright frames and green load beams, with a 17,300 mm overall width and 4,400 mm overall rack height. | C4: Reference for understanding the engineering drawing. | D4: Do not use these dimensions for rack capacity or engineering decisions without the actual engineering drawing.
A5: Section Y-Y | B5: Source describes a 4,400 mm high by 18,000 mm deep view and four storage levels. | C5: Supports the four-level concept. | D5: Confirm actual installed dimensions and levels.
A6: Core location address | B6: Rack – Bay – Level – Slot. Example from the source: RA-B01-GL1-A. | C6: This is the Location ID generated by the formula. | D6: The example is a format example; actual locations must be created from verified physical data.
A7: Rack naming | B7: The conversation proposed RA for the far-left rack, RB1–RB5 for central back-to-back racks, and A2 for the far-right perimeter rack. | C7: Rack Master contains these source-supported rack IDs. | D7: One later source line conflicts with A2 by mentioning RB2; this workbook flags A2 for physical verification.
A8: Bay naming | B8: Bay sections are numbered sequentially; leading zeros are recommended: B01, B02, B03 ... B10, B11. | C8: Location formula uses TEXT(Bay,"00"). | D8: The actual number of bays on each rack was not supplied.
A9: Level naming | B9: GL1 = floor level; GL2 = upper ground/ergonomic level; SL3 = lower stilt; SL4 = top stilt. | C9: Use Level dropdown in Location Master. | D9: Confirm that the physical rack really has these four levels.
A10: Slot naming | B10: A, B, C are proposed left-to-right shelf positions. | C10: Use Slot dropdown in Location Master. | D10: Confirm actual number of horizontal positions per level.
A11: Material zones | B11: WET: waterproofing/grouts/cement; TLE: tiles/stone; WOD: wood; PLM: plumbing; GLS: glass; LGT: lighting/electrical; FUR: furniture/decor. | C11: Material Master contains these source-supported categories. | D11: Exact stock list is not supplied in the source and must come from actual inventory.
A12: Heavy materials | B12: Source proposes heavy stone/tile/pallet materials on lower levels and warns about rack capacity/decking. | C12: Use lower-level planning and safety review. | D12: Do not place heavy loads based only on this sheet; verify rack load capacity.
... A28: No dummy data | B28: The source provides examples but not the user's actual complete inventory, bay counts, quantities, batches, or exact physical locations. | C28: Workbook leaves operational Location/Inventory/Stock Movement rows blank. | D28: Enter only verified real warehouse records.
